batting_avg,ops,obp,slg,runs_scored,era,whip,k_per9,bb_per9,sp_era,bullpen_era,fip,runs_allowed,run_diff,team_id,team_name,wins,losses,win_pct,park_factor,win_pct_last10,run_diff_last15,elo,ops_ewm,run_diff_ewm,bullpen_era_ewm,bullpen_ip3,state_date
0.246,0.721,0.318,0.403,699.0,5.48,1.51,8.53,3.98,4.5,4.0,4.2,928.0,-229.0,133,Athletics,64,97,0.398,0.97,0.401,-2.67,1445.3,0.7184,-1.401,4.935,10.0,2026-09-27
0.253,0.734,0.33,0.404,763.0,4.17,1.3,9.29,3.64,3.74,4.0,3.41,737.0,26.0,134,Pittsburgh Pirates,81,80,0.503,1.0,0.524,-0.53,1498.8,0.7182,-0.043,3.872,15.0,2026-09-27
0.244,0.717,0.319,0.398,713.0,3.99,1.3,8.27,3.49,3.21,4.0,4.13,677.0,36.0,135,San Diego Padres,90,71,0.559,0.93,0.76,1.27,1539.7,0.7578,0.639,3.591,14.67,2026-09-27
0.232,0.692,0.313,0.379,657.0,4.21,1.27,8.74,2.77,4.04,4.0,3.69,719.0,-62.0,136,Seattle Mariners,75,86,0.466,0.97,0.471,0.87,1487.6,0.7083,-0.511,4.806,12.33,2026-09-27
0.246,0.708,0.307,0.401,668.0,4.34,1.36,7.59,3.74,4.5,4.0,4.2,755.0,-87.0,137,San Francisco Giants,65,96,0.404,0.94,0.237,-0.93,1456.3,0.6911,-0.413,4.019,10.0,2026-09-27
0.24,0.692,0.313,0.379,716.0,4.25,1.36,7.98,3.53,3.95,4.0,4.23,743.0,-27.0,138,St. Louis Cardinals,77,84,0.478,0.98,0.276,-1.07,1481.8,0.6756,-0.422,4.337,12.33,2026-09-27
0.258,0.728,0.327,0.401,733.0,3.68,1.13,8.26,2.54,2.81,4.0,3.4,643.0,90.0,139,Tampa Bay Rays,98,63,0.609,0.97,0.663,2.27,1544.1,0.713,0.854,3.739,12.67,2026-09-27
0.242,0.713,0.317,0.396,669.0,4.3,1.3,8.49,3.14,4.4,4.0,3.5,713.0,-44.0,140,Texas Rangers,80,81,0.497,1.07,0.513,-0.27,1495.5,0.7103,-0.214,4.588,12.67,2026-09-27
0.248,0.691,0.31,0.381,643.0,3.91,1.3,8.85,3.74,2.4,4.0,2.56,693.0,-50.0,141,Toronto Blue Jays,78,83,0.484,0.99,0.333,-0.87,1505.0,0.704,-0.138,3.374,13.0,2026-09-27
0.244,0.719,0.316,0.403,733.0,4.56,1.36,8.68,3.67,3.73,4.0,3.82,793.0,-60.0,142,Minnesota Twins,76,85,0.472,1.0,0.52,-0.47,1474.5,0.7041,-0.313,4.263,7.0,2026-09-27
0.239,0.704,0.311,0.393,706.0,4.05,1.29,9.88,3.05,3.45,4.0,3.44,695.0,11.0,143,Philadelphia Phillies,87,74,0.54,1.02,0.312,-1.8,1531.9,0.6925,-0.113,4.554,13.0,2026-09-27
0.247,0.72,0.31,0.41,739.0,3.62,1.24,8.45,3.32,2.16,4.0,2.29,621.0,118.0,144,Atlanta Braves,94,67,0.584,1.02,0.53,0.67,1532.9,0.7052,0.184,3.789,15.0,2026-09-27
0.236,0.726,0.321,0.405,772.0,4.14,1.31,8.35,3.57,3.34,4.0,3.62,718.0,54.0,145,Chicago White Sox,83,78,0.516,0.98,0.539,1.0,1484.2,0.7264,0.397,3.613,15.0,2026-09-27
0.249,0.726,0.326,0.4,710.0,4.1,1.28,8.33,3.54,3.89,4.0,4.1,709.0,1.0,146,Miami Marlins,79,82,0.491,0.96,0.444,-0.47,1494.1,0.7236,-0.173,4.351,11.67,2026-09-27
0.235,0.72,0.311,0.409,739.0,3.24,1.17,9.05,3.05,1.95,4.0,2.56,601.0,138.0,147,New York Yankees,93,68,0.578,1.01,0.615,0.47,1545.4,0.7121,0.656,3.49,16.67,2026-09-27
0.258,0.744,0.341,0.403,826.0,3.51,1.18,9.62,3.21,1.86,4.0,2.16,614.0,212.0,158,Milwaukee Brewers,102,59,0.634,1.01,0.815,2.8,1574.3,0.7523,1.157,3.403,15.33,2026-09-27
0.234,0.679,0.31,0.369,652.0,4.29,1.35,9.05,4.02,3.36,4.0,3.01,745.0,-93.0,108,Los Angeles Angels,62,99,0.385,0.99,0.438,-1.33,1437.1,0.673,-0.47,4.514,10.0,2026-09-27
0.246,0.721,0.318,0.403,735.0,4.14,1.28,7.1,2.99,3.84,4.0,4.55,721.0,14.0,109,Arizona Diamondbacks,86,75,0.534,0.96,0.636,0.8,1518.1,0.751,0.314,3.939,11.67,2026-09-27
0.234,0.71,0.314,0.396,718.0,4.08,1.34,8.18,3.35,4.07,4.0,3.54,739.0,-21.0,110,Baltimore Orioles,79,82,0.491,0.97,0.569,0.67,1500.8,0.7071,0.139,3.552,8.0,2026-09-27
0.245,0.717,0.319,0.398,687.0,3.52,1.23,8.75,2.93,2.72,4.0,3.47,605.0,82.0,111,Boston Red Sox,87,74,0.54,1.05,0.549,-0.13,1531.0,0.7074,0.27,3.136,16.0,2026-09-27
0.251,0.765,0.338,0.427,844.0,4.13,1.26,7.84,3.11,3.74,4.0,4.44,701.0,143.0,112,Chicago Cubs,88,73,0.547,1.04,0.39,0.87,1524.7,0.7622,0.754,4.0,8.67,2026-09-27
0.229,0.7,0.305,0.395,665.0,4.83,1.45,8.11,4.2,4.61,4.0,4.93,821.0,-156.0,113,Cincinnati Reds,75,86,0.466,1.08,0.456,-2.27,1489.3,0.6983,-1.157,4.584,12.0,2026-09-27
0.239,0.696,0.316,0.38,676.0,3.77,1.26,9.59,3.32,3.56,4.0,3.7,664.0,12.0,114,Cleveland Guardians,85,76,0.528,0.98,0.795,1.6,1517.7,0.7306,0.493,3.333,16.67,2026-09-27
0.254,0.739,0.322,0.417,750.0,5.6,1.53,7.05,3.38,4.5,4.0,4.2,940.0,-190.0,115,Colorado Rockies,58,103,0.36,1.15,0.238,-2.4,1408.7,0.7351,-1.267,4.603,13.0,2026-09-27
0.242,0.722,0.321,0.401,721.0,3.66,1.22,8.22,3.18,4.03,4.0,4.14,648.0,73.0,116,Detroit Tigers,76,85,0.472,1.0,0.564,1.2,1488.7,0.735,0.394,3.89,7.33,2026-09-27
0.241,0.731,0.314,0.417,725.0,4.48,1.34,8.85,4.08,4.5,4.0,4.2,766.0,-41.0,117,Houston Astros,80,81,0.497,1.02,0.442,0.0,1502.7,0.7416,0.03,3.954,11.0,2026-09-27
0.247,0.717,0.316,0.401,687.0,4.79,1.41,7.43,3.69,4.15,4.0,4.23,808.0,-121.0,118,Kansas City Royals,68,93,0.422,0.99,0.191,-2.0,1466.0,0.7304,-0.712,4.76,14.33,2026-09-27
0.257,0.763,0.338,0.425,796.0,3.57,1.14,9.5,3.02,2.53,4.0,3.33,599.0,197.0,119,Los Angeles Dodgers,99,62,0.615,0.95,0.717,1.87,1558.0,0.7505,0.916,3.729,9.67,2026-09-27
0.246,0.743,0.321,0.422,815.0,4.67,1.39,8.03,3.79,3.02,4.0,3.25,811.0,4.0,120,Washington Nationals,76,85,0.472,0.96,0.555,-0.27,1473.1,0.7021,-0.173,4.912,10.33,2026-09-27
0.239,0.704,0.309,0.395,695.0,4.14,1.29,9.07,3.45,3.16,4.0,3.59,725.0,-30.0,121,New York Mets,74,87,0.46,0.99,0.499,0.67,1492.8,0.7329,0.291,3.888,13.33,2026-09-27
