pitcher_id,name,sp_fip,ip_weighted,starts
519242,Chris Sale,2.534,121.6,132
605483,Blake Snell,2.577,104.3,157
694819,Jacob Misiorowski,2.713,98.8,43
669373,Tarik Skubal,2.748,123.5,160
666200,Jesús Luzardo,2.974,125.5,150
693645,Cam Schlittler,2.988,105.2,47
660271,Shohei Ohtani,2.99,107.5,104
608331,Max Fried,3.043,114.3,194
656876,Drew Rasmussen,3.075,111.6,111
656302,Dylan Cease,3.124,113.4,217
650911,Cristopher Sánchez,3.141,125.2,118
607192,Tyler Glasnow,3.207,110.7,113
542888,Shawn Armstrong,3.217,23.2,18
800048,Parker Messick,3.257,100.9,38
594798,Jacob deGrom,3.27,104.7,140
605540,Brandon Woodruff,3.309,108.4,124
801139,Payton Tolle,3.321,86.8,29
680885,Spencer Schwellenbach,3.352,109.9,38
808967,Yoshinobu Yamamoto,3.359,126.4,76
672282,Reid Detmers,3.362,113.4,107
695505,Chase Burns,3.401,84.7,37
669432,Trevor Rogers,3.424,115.4,132
554430,Zack Wheeler,3.429,116.4,215
693433,Bryan Woo,3.443,115.2,100
676917,Cade Cavalli,3.468,96.6,43
676979,Garrett Crochet,3.471,112.4,70
657277,Logan Webb,3.477,116.7,204
683003,Jared Jones,3.487,91.1,42
601713,Nick Pivetta,3.496,106.4,159
621114,Ryan Burr,3.511,6.6,5
624133,Ranger Suarez,3.516,108.3,144
641154,Pablo López,3.518,112.4,162
543243,Sonny Gray,3.523,118.5,213
681517,Kyle Leahy,3.524,69.5,31
657006,Justin Steele,3.534,109.9,91
694973,Paul Skenes,3.536,109.6,87
518585,Fernando Cruz,3.539,10.6,7
668881,Hunter Greene,3.551,111.9,96
641835,Tim Mayza,3.558,8.5,6
701656,Logan Henderson,3.564,76.3,23
592773,Ryne Stanek,3.565,24.1,27
676263,Jack Dreyer,3.568,8.7,7
477132,Clayton Kershaw,3.595,101.5,135
686613,Hunter Brown,3.599,111.0,112
804636,Jonah Tong,3.601,32.6,9
691799,Grant Taylor,3.602,6.3,6
683000,Riley Cornelio,3.612,7.3,3
668909,Gavin Williams,3.614,110.3,95
681857,Reese Olson,3.622,95.7,53
518397,Scott Alexander,3.626,8.2,12
605397,Joe Musgrove,3.626,110.6,136
689818,David Sandlin,3.626,28.0,6
593974,Wandy Peralta,3.637,6.8,7
700712,Walbert Ureña,3.645,82.3,27
690990,Cade Horton,3.647,69.4,24
663460,Kris Bubic,3.656,108.7,89
660494,Rogelio Armenteros,3.657,8.8,2
677952,Braxton Ashcraft,3.664,96.2,36
605538,Matt Wisler,3.665,17.5,17
656354,Austin Davis,3.669,6.0,3
673258,Michel Baez,3.673,4.2,2
674841,Andrew Alvarez,3.681,68.9,22
694477,Chad Patrick,3.683,75.0,29
607074,Carlos Rodón,3.69,111.7,159
695243,Mason Miller,3.695,20.9,6
647336,Michael Soroka,3.7,102.4,84
689981,River Ryan,3.702,20.8,5
642083,Aaron Slegers,3.703,4.0,1
677161,Zack Kelly,3.712,7.3,3
676962,Ben Brown,3.713,82.4,31
656420,J.P. Feyereisen,3.716,3.9,2
807739,Kade Anderson,3.718,30.6,7
690997,Nolan McLean,3.722,101.9,39
693686,Spencer Miles,3.724,18.2,8
696070,Kendry Rojas,3.739,11.5,4
694297,Brandon Pfaadt,3.742,116.5,102
571656,Buck Farmer,3.749,3.9,2
596001,Jakob Junis,3.76,88.5,71
678061,Ray Kerr,3.761,10.1,3
621383,Tanner Banks,3.763,12.8,6
608349,Corey Knebel,3.767,5.3,4
608678,Dominic Leone,3.769,4.9,4
642239,Rob Zastryzny,3.773,4.8,5
687562,Jake Bennett,3.776,71.5,19
669199,Lake Bachar,3.786,19.7,13
518566,Taylor Cole,3.788,6.3,6
699134,Bradgley Rodriguez,3.789,3.7,4
572140,Tyler Skaggs,3.795,57.2,15
663556,Shane McClanahan,3.803,100.5,98
668984,Casey Legumina,3.811,9.9,7
669735,Chris Rodriguez,3.813,9.7,2
641582,Matt Foster,3.816,5.7,3
656492,Foster Griffin,3.818,86.6,31
656849,David Peterson,3.83,104.0,138
682254,Mason Montgomery,3.833,4.5,5
687570,Connor Prielipp,3.834,73.1,22
677960,Ryan Weathers,3.834,104.2,80
687792,DJ Herz,3.836,59.4,20
669467,Andre Pallante,3.84,109.6,89
456034,David Price,3.842,69.4,33
676254,Ryan Walker,3.844,15.4,14
641816,Tyler Mahle,3.845,111.3,141
669358,Shane Baz,3.85,111.7,85
543037,Gerrit Cole,3.851,117.5,180
681035,Christian Scott,3.86,79.6,32
502171,Alex Cobb,3.862,105.3,90
592332,Kevin Gausman,3.864,112.6,217
656731,Tylor Megill,3.877,97.7,81
571901,Aaron Loup,3.878,2.9,2
643377,Griffin Jax,3.884,78.0,39
623474,Jimmy Herget,3.888,6.9,6
666129,Braxton Garrett,3.889,94.8,65
677651,Luis Garcia,3.891,98.9,65
696146,Hagen Smith,3.896,2.0,1
594840,Matt Grace,3.896,2.0,1
622098,Drew Smith,3.896,2.0,1
676428,Brant Hurter,3.899,10.4,5
659275,Dinelson Lamet,3.902,76.4,39
669724,Brenan Hanifee,3.903,5.6,5
518489,Ryan Brasier,3.903,5.3,6
672335,Cionel Pérez,3.905,1.9,2
656427,Jack Flaherty,3.906,96.7,170
665625,Elvis Peguero,3.906,1.7,1
671737,Taj Bradley,3.911,113.6,104
666142,Cole Ragans,3.912,96.9,74
456701,Homer Bailey,3.918,86.0,33
543135,Nathan Eovaldi,3.924,117.7,172
594580,Sam Moll,3.927,1.0,1
607572,Sam Howard,3.927,1.0,1
657376,Clarke Schmidt,3.927,104.8,67
670990,Yohan Ramírez,3.933,2.0,1
605280,Clay Holmes,3.937,99.0,49
669062,Erik Miller,3.937,9.0,11
668834,Easton McGee,3.937,6.7,1
687424,Anthony Maldonado,3.939,3.0,1
687941,Alec Gamboa,3.941,4.5,3
657240,Julian Merryweather,3.943,6.2,5
544931,Stephen Strasburg,3.948,94.6,41
656547,Jonathan Holder,3.949,2.7,1
664028,Brett Kennedy,3.949,9.8,2
678495,Randy Rodríguez,3.949,2.7,1
696062,Wilber Dotel,3.951,3.9,2
545333,Trevor Bauer,3.956,121.6,62
458676,Josh Lindblom,3.959,34.6,10
688158,David Morgan,3.965,3.3,2
660813,Brusdar Graterol,3.966,5.8,5
571948,Hoby Milner,3.97,2.0,1
605463,Tayler Scott,3.97,6.0,5
606965,Chris Devenski,3.97,2.0,1
596074,Bobby Poyner,3.97,2.0,1
685107,Anthony Veneziano,3.97,2.0,1
676477,Garrett Whitlock,3.972,66.0,23
657424,Matt Gage,3.976,1.9,2
656641,Jacob Latz,3.981,38.9,10
621056,Hunter Wood,3.981,3.9,2
643493,Austin Pruitt,3.985,19.3,9
669276,Dylan Lee,3.986,2.7,1
676714,Brandon Hughes,3.99,1.6,2
669923,George Kirby,3.99,113.0,142
687273,Quinn Mathews,3.991,41.1,9
621199,Matt Bowman,3.992,1.3,1
572703,Luke Bard,3.994,2.9,3
519144,Rick Porcello,3.995,92.5,44
548389,Ross Stripling,3.997,98.8,92
676534,Calvin Faucher,3.998,7.3,4
663776,Patrick Sandoval,3.999,100.3,113
700669,Gordon Graceffo,4.0,6.2,2
571863,Matt Koch,4.004,1.0,1
641329,Bryan Baker,4.004,3.5,2
701719,Tyler Samaniego,4.004,1.0,1
657585,Reed Garrett,4.004,1.0,1
621051,Steven Wilson,4.004,1.0,1
622251,Josh Staumont,4.004,1.0,1
598264,Matt Barnes,4.004,1.0,1
681911,Alex Vesia,4.004,1.0,1
501992,Nate Karns,4.005,3.9,2
600917,José Leclerc,4.006,3.5,3
543022,Tyler Chatwood,4.007,32.0,10
666720,Yerry Rodríguez,4.007,2.0,1
453178,Ian Kennedy,4.007,2.0,1
669674,Sam Long,4.008,25.5,12
686753,Drey Jameson,4.01,27.4,7
681151,Jayden Murray,4.011,3.0,1
641941,Emilio Pagán,4.012,3.0,2
656730,Trevor Megill,4.013,1.9,2
664285,Framber Valdez,4.016,115.0,192
667755,José Soriano,4.017,106.5,83
682990,Quinn Priester,4.019,94.2,39
622766,Miguel Díaz,4.021,7.0,5
625643,Reynaldo López,4.021,93.2,90
702193,Andrew Morris,4.022,3.8,3
622092,Kyle Zimmer,4.023,4.7,3
677865,Justin Bruihl,4.023,2.6,2
656234,Jake Bird,4.023,4.8,3
598287,Noé Ramirez,4.028,7.0,7
621261,Corey Oswalt,4.029,8.1,2
664208,Phil Maton,4.03,1.3,1
656794,Sean Newcomb,4.033,41.1,22
656322,Sam Coonrod,4.035,2.3,2
593958,Eduardo Rodriguez,4.036,116.3,179
657514,Brennan Bernardino,4.036,12.0,14
686701,Ryan Bergert,4.037,51.6,15
607188,Jake Faria,4.039,12.4,3
605513,Spencer Turnbull,4.039,93.0,65
680732,Sean Burke,4.041,95.0,52
669022,MacKenzie Gore,4.041,101.4,135
573009,Joe Mantiply,4.042,4.2,5
647315,Zach Pop,4.044,2.0,1
642100,Gabe Speier,4.044,2.0,1
664350,Sixto Sánchez,4.044,47.8,14
657044,Ryan Thompson,4.044,2.0,1
488984,Tommy Hunter,4.044,2.0,1
476595,Lucas Luetge,4.044,2.0,1
669302,Logan Gilbert,4.05,115.2,177
671212,Joe Boyle,4.05,65.4,25
664069,Ben Braymer,4.05,5.0,1
680232,Jackson Wolf,4.05,5.0,1
694738,Landen Roupp,4.052,97.7,55
622503,Nabil Crismatt,4.054,23.4,5
671936,Adam Macko,4.056,1.7,1
489446,Kirby Yates,4.056,1.7,1
642121,Cole Sulser,4.057,6.5,4
434378,Justin Verlander,4.057,106.5,138
592135,Cam Bedrosian,4.059,7.1,8
669456,Shane Bieber,4.061,113.0,133
624647,Victor González,4.062,1.6,2
656756,Jordan Montgomery,4.065,104.3,126
691587,Eury Pérez,4.069,103.6,68
676974,Max Meyer,4.069,97.9,45
676083,Janson Junk,4.071,88.2,47
605452,Joe Ross,4.08,84.2,39
608718,Brent Suter,4.08,25.1,17
623437,Justin Topa,4.081,1.0,1
681432,Luke Little,4.081,1.0,1
592779,Brock Stewart,4.081,1.0,1
694335,Matt Svanson,4.081,1.0,1
660906,Francisco Pérez,4.081,1.0,1
570663,Hansel Robles,4.081,1.0,1
580792,Nick Goody,4.081,1.0,1
669952,Mitch White,4.081,58.8,22
543339,Daniel Hudson,4.081,1.0,1
612434,Miguel Castro,4.081,1.9,2
683618,Edgardo Henriquez,4.081,1.0,1
661440,Mauricio Llovera,4.081,1.0,1
679775,Kyle Backhus,4.081,1.0,1
702303,Riley Martin,4.081,1.0,1
621249,Duane Underwood Jr.,4.081,1.0,1
682171,Penn Murfee,4.081,2.0,1
664141,JT Brubaker,4.083,93.2,63
687888,Brandon Walter,4.091,44.3,9
657746,Joe Ryan,4.094,107.0,141
675512,Troy Melton,4.094,77.7,24
594987,Casey Sadler,4.094,0.7,1
657508,Mike Baumann,4.095,17.0,4
669165,Kyle Hurt,4.098,3.6,2
650633,Michael King,4.099,112.8,96
643338,Chad Green,4.102,13.5,15
642547,Freddy Peralta,4.102,105.8,180
669203,Corbin Burnes,4.104,112.1,152
607259,Nick Martinez,4.105,115.4,91
696149,Bubba Chandler,4.106,81.2,34
674444,Steven Cruz,4.107,6.9,6
669160,Dustin May,4.11,89.2,88
445926,Jesse Chavez,4.112,27.8,15
641703,Brent Honeywell,4.117,5.8,3
702021,Will Dion,4.118,3.0,1
650382,Darwinzon Hernández,4.118,3.0,1
622772,Jimmy Cordero,4.119,2.0,1
641632,Conner Greene,4.119,1.0,1
622490,Robinson Leyer,4.119,1.0,1
690829,Ben Joyce,4.119,2.0,1
571479,Andrew Bellatti,4.119,1.0,1
642701,Dennis Santana,4.119,2.0,1
608335,Kyle Funkhouser,4.12,4.9,2
656713,Brendan McKay,4.12,35.6,11
669387,Carmen Mlodzinski,4.121,60.9,29
701581,David Festa,4.122,66.3,23
579328,Yusei Kikuchi,4.126,101.9,200
689958,Andrew Walters,4.131,1.7,1
675848,Juan Mejia,4.132,0.7,1
675989,Cody Bolton,4.132,7.2,3
663855,Jordan Hicks,4.135,74.2,39
669713,Hayden Wesneski,4.137,91.3,39
621381,Matt Strahm,4.138,58.2,27
666120,Ian Anderson,4.139,95.4,52
571510,Matthew Boyd,4.14,115.6,135
430935,Cole Hamels,4.143,73.6,28
674003,Cody Bradford,4.143,78.3,29
664123,Scott Effross,4.144,1.3,1
813349,Connelly Early,4.144,69.8,22
606131,Luis Perdomo,4.146,4.2,2
687606,Paxton Schultz,4.147,5.3,3
664192,Joey Lucchesi,4.148,91.1,51
592288,Kent Emanuel,4.15,5.0,1
642152,Lou Trivino III,4.152,1.9,2
688107,Robert Gasser,4.153,77.5,27
676282,Joey Cantillo,4.154,88.1,51
657031,Josh Taylor,4.154,1.9,2
663568,Stephen Kolek,4.156,86.6,29
676092,Collin Snider,4.156,2.0,1
592169,Austin Brice,4.158,1.0,1
519166,Neil Ramírez,4.158,1.0,1
666204,Dany Jiménez,4.158,1.0,1
668390,Cole Winn,4.158,1.0,1
664157,Travis Bergen,4.158,1.0,1
670056,Caleb Baragar,4.158,1.0,1
678692,Ronny Henriquez,4.158,1.0,1
622250,Josh Sborz,4.158,1.0,1
518633,Danny Duffy,4.159,92.8,46
658431,Adonis Medina,4.161,7.5,2
621129,Kyle Cody,4.163,16.9,5
592866,Trevor Williams,4.164,92.8,122
669620,Brady Basso,4.165,26.9,12
686752,Ryan Pepiot,4.169,99.0,67
681882,Colin Selby,4.17,7.2,5
676571,PJ Poulin,4.174,11.9,11
681343,Shane Smith,4.179,75.5,32
690928,Hunter Dobbins,4.18,60.5,19
664042,Travis Lakins,4.182,6.8,4
679156,Walter Pennington,4.182,1.3,1
674944,Sean Guenther,4.186,0.3,1
693855,Ian Seymour,4.186,65.1,21
621016,Jose Cuas,4.188,1.9,2
689254,Mason Fluharty,4.19,4.0,4
475479,David Phelps,4.193,2.9,3
663947,Tyler Holton,4.194,19.0,19
687798,Nick Robertson,4.196,1.0,1
542953,Buddy Boshers,4.196,1.0,1
641871,Keynan Middleton,4.196,1.0,1
680735,Austin Cox,4.196,9.6,4
664076,Garrett Cleavinger,4.196,1.0,1
669622,Anthony Bender,4.196,1.0,1
502085,David Robertson,4.196,1.0,1
521230,Liam Hendriks,4.198,1.9,2
700270,Yilber Díaz,4.198,18.4,4
701542,Will Warren,4.199,99.1,67
664180,Matt Hall,4.202,2.7,1
686790,Trevor McDonald,4.202,56.7,16
687830,Sawyer Gipson-Long,4.204,28.3,7
592351,Jon Gray,4.204,101.1,134
642232,Ryan Yarbrough,4.205,93.9,72
686218,Emmet Sheehan,4.205,87.6,45
702070,Noah Cameron,4.208,108.5,54
680694,Kyle Bradish,4.21,104.5,96
641401,Connor Brogdon,4.21,0.7,1
680880,Grant Holman,4.213,2.3,2
687312,Gabriel Hughes,4.215,44.7,13
665001,Trevor Kelley,4.215,6.0,3
605151,Archie Bradley,4.22,1.3,1
622259,Trey Wingenter,4.22,1.3,1
668873,Caleb Kilian,4.221,17.8,5
690953,Mick Abel,4.221,40.5,11
456713,Matt Bush,4.222,4.6,6
608638,JT Chargois,4.227,6.8,8
694813,Gavin Stone,4.228,85.2,29
523260,Joe Kelly,4.23,1.9,2
665620,Deivi García,4.23,35.5,8
689147,Orion Kerkering,4.232,1.9,2
474463,Brett Anderson,4.232,81.5,65
608371,Lucas Sims,4.234,15.0,4
680704,Nick Sandlin,4.235,1.0,1
700241,Michael McGreevy,4.235,99.8,50
448855,Junior Guerra,4.235,1.0,1
645261,Sandy Alcantara,4.238,125.0,196
805123,AJ Blubaugh,4.239,10.5,3
663567,Peter Lambert,4.241,99.5,63
543521,Collin McHugh,4.242,34.1,16
605135,Chris Bassitt,4.244,106.0,206
676130,José Buttó,4.245,56.9,15
806188,Cade Gibson,4.249,2.3,2
695611,Gage Jump,4.251,61.1,20
666159,Matt Manning,4.257,95.8,50
681867,Cooper Criswell,4.257,63.2,21
628711,Julio Urías,4.257,112.7,102
670167,John Schreiber,4.258,1.9,2
592815,Sam Tuivailala,4.258,1.9,2
642520,Gerson Garabito,4.259,6.1,2
622663,Luis Severino,4.259,107.1,112
547888,Masahiro Tanaka,4.262,94.1,41
669084,DL Hall,4.263,34.0,12
665152,Dean Kremer,4.264,107.1,139
461829,Gio Gonzalez,4.267,60.5,21
694360,Beck Way,4.273,1.0,1
686796,Blake Walston,4.273,8.8,2
663436,Davis Martin,4.278,92.6,72
643230,Steven Brault,4.279,75.0,36
642376,Jefry Yan,4.281,1.7,1
667297,Tommy Nance,4.283,4.8,2
689225,Beau Brieske,4.284,43.3,29
702056,Trey Yesavage,4.285,64.3,23
669020,Ryan Rolison,4.289,4.2,3
641656,Ian Hamilton,4.291,4.7,4
800600,Jackson Kent,4.291,27.9,7
543606,Jake Odorizzi,4.292,93.1,79
658648,Pedro Avila,4.292,29.4,8
547942,Kwang Hyun Kim,4.293,71.0,28
545343,Louis Head,4.293,1.9,2
623451,Jackson Stephens,4.296,3.0,1
623485,Ashton Goudeau,4.296,3.0,1
681806,Andrew Wantz,4.297,6.6,4
543518,Scott McGough,4.299,5.1,3
656793,Nick Nelson,4.302,5.4,4
677976,Randy Dobnak,4.305,81.0,34
622379,Luis F. Castillo,4.306,6.8,2
676440,Tanner Bibee,4.31,115.2,120
543294,Kyle Hendricks,4.315,105.7,169
663704,James McArthur,4.318,3.0,2
663992,Richard Lovelady,4.32,7.6,6
572403,Drew VerHagen,4.321,18.4,4
670950,Trevor Richards,4.322,62.3,36
489334,Craig Stammen,4.323,10.0,5
665759,Ramón Rosso,4.326,2.3,1
664849,Danny Young,4.327,0.7,1
685801,Hunter Bigge,4.327,0.7,1
687911,Bryan King,4.327,0.7,1
444468,Héctor Rondón,4.327,0.7,1
669721,Davis Daniel,4.331,32.6,8
461325,Tyler Clippard,4.331,7.5,5
571735,David Hale,4.333,4.2,2
571927,Steven Matz,4.336,90.3,112
660623,Huascar Ynoa,4.336,65.8,24
681885,Evan Lee,4.338,3.7,1
669294,Paul Campbell,4.338,3.7,1
686839,Brendan White,4.342,1.9,2
656186,Dan Altavilla,4.343,0.3,1
663941,Tristan Beck,4.343,17.1,5
608723,Austin Voth,4.344,78.2,37
425844,Zack Greinke,4.344,97.5,127
650895,Diego Castillo,4.344,6.6,6
543766,Bryan Shaw,4.346,4.2,2
596057,Daniel Norris,4.348,66.1,33
621052,Alex Reyes,4.35,1.0,1
544150,Albert Suárez,4.35,72.2,25
663752,Cody Morris,4.35,19.1,5
622446,Jefry Rodriguez,4.352,38.3,9
694361,Will Klein,4.352,3.8,3
608344,Cole Irvin,4.356,104.4,93
607644,John Means,4.357,104.2,73
502042,Chris Archer,4.361,79.1,53
665622,Luis Medina,4.362,68.7,26
663959,Tyler Ivey,4.364,4.7,1
656529,Sam Hentges,4.368,31.2,12
675660,Shane Drohan,4.369,60.6,19
663546,Sean Hjelle,4.373,3.7,1
621076,James Kaprielian,4.374,100.9,58
695549,Jackson Jobe,4.375,63.1,19
642546,Jonathan Hernández,4.375,5.2,2
681810,Austin Warren,4.375,1.9,2
605154,John Brebbia,4.375,14.6,21
657140,Kyle Wright,4.379,93.7,51
676879,Aaron Ashby,4.379,61.5,27
573186,Marcus Stroman,4.38,96.6,153
607391,Chris Mazza,4.38,21.0,6
676684,Will Vest,4.38,4.7,6
642770,Javy Guerra,4.384,1.6,2
689441,Coleman Crow,4.384,15.2,4
571578,Patrick Corbin,4.386,95.7,215
672456,Keider Montero,4.386,98.4,53
458708,Josh Tomlin,4.386,21.8,6
543101,Anthony DeSclafani,4.387,92.8,96
605288,Adrian Houser,4.387,98.4,141
656458,Lucas Gilbreath,4.388,1.0,1
661403,Emmanuel Clase,4.388,1.0,1
506433,Yu Darvish,4.389,102.3,158
691946,George Klassen,4.392,24.5,6
702352,Spencer Bivens,4.395,9.1,2
682847,Luis Ortiz,4.396,102.2,50
622088,Tejay Antone,4.396,16.3,5
595928,John Curtiss,4.396,4.8,5
664126,Pete Fairbanks,4.397,3.5,3
829272,Shinnosuke Ogasawara,4.397,6.5,2
596035,Reggie McClain,4.403,2.9,2
453284,Blake Parker,4.404,4.8,3
656986,Bennett Sousa,4.405,0.7,1
680744,Ty Madden,4.407,8.1,2
547943,Hyun Jin Ryu,4.408,97.5,89
676106,Emerson Hancock,4.41,101.6,56
615698,Cal Quantrill,4.412,98.3,164
684007,Shota Imanaga,4.413,110.0,85
666214,Joey Wentz,4.415,76.9,39
677958,Kumar Rocker,4.415,85.1,44
668964,Tobias Myers,4.415,69.7,34
639373,Gerson Bautista,4.416,1.9,2
669310,CJ Van Eyk,4.417,5.0,1
640455,Sean Manaea,4.421,108.4,148
686651,Levi Stoudt,4.421,6.8,2
656685,Brett Martin,4.424,2.5,3
695418,Brad Lord,4.426,58.2,24
677944,Slade Cecconi,4.43,99.5,61
605182,Mike Clevinger,4.43,102.1,79
641302,Tyler Alexander,4.431,71.7,62
621097,Jacob Waguespack,4.431,48.9,15
671106,Logan Allen,4.431,99.5,75
669461,Matthew Liberatore,4.432,98.7,84
657566,Montana DuRapau,4.433,2.6,2
606303,Joel Payamps,4.435,2.3,1
805673,Zebby Matthews,4.436,98.4,48
642528,Jonathan Loáisiga,4.436,17.3,7
656222,Jalen Beeks,4.437,25.6,20
681190,Randy Vásquez,4.437,96.9,73
686642,Fraser Ellard,4.438,3.4,3
680570,Grayson Rodriguez,4.439,101.6,63
700249,Cade Povich,4.441,87.5,43
656550,Grant Holmes,4.442,94.5,57
671111,Sammy Peralta,4.444,0.7,1
665733,Antonio Santos,4.444,0.7,1
675911,Spencer Strider,4.444,104.6,85
608379,Michael Wacha,4.445,122.2,193
683627,Anthony Molina,4.446,27.5,7
669372,J.T. Ginn,4.448,97.2,46
815083,Mitch Farris,4.449,21.9,5
664196,Tanner Anderson,4.45,20.0,5
682982,Daniel Espino,4.452,3.8,3
664054,Cody Stashak,4.452,2.0,1
672582,Angel Zerpa,4.452,23.2,8
527048,Martín Pérez,4.453,102.5,177
519455,Jordan Zimmermann,4.453,64.5,25
668820,Max Kranick,4.454,32.0,9
641540,Dane Dunning,4.454,99.7,102
656818,Connor Overton,4.46,34.5,10
680739,Josh Winder,4.462,40.8,11
456387,Ryan Feierabend,4.462,4.0,1
657571,Caleb Ferguson,4.465,10.9,12
592254,José De León,4.466,16.8,4
691725,Andrew Painter,4.466,72.1,23
641743,Anthony Kay,4.466,81.3,37
608334,Carson Fulmer,4.467,37.0,11
667463,John King,4.469,1.7,1
656557,Tanner Houck,4.471,104.1,80
699044,Miguel Ullola,4.471,1.6,2
501625,Jose Alvarez,4.472,3.6,2
684320,Yariel Rodríguez,4.474,53.1,22
621366,Ryan Borucki,4.474,9.4,4
657649,Jared Koenig,4.477,22.4,11
657093,Spenser Watkins,4.478,76.1,31
623454,Drew Anderson,4.479,42.6,12
622786,Jesus Tinoco,4.482,2.9,2
592716,Adrian Sampson,4.483,89.2,39
690986,Kyle Harrison,4.492,87.9,61
571882,Derek Law,4.493,8.3,8
683004,Jack Leiter,4.494,97.6,50
678394,Brayan Bello,4.494,106.2,108
542947,Richard Bleier,4.496,2.9,2
572020,James Paxton,4.497,91.6,75
669459,Kyle Nelson,4.5,2.5,3
664299,Cristian Javier,4.502,91.5,102
642092,Riley Smith,4.503,21.6,6
808825,Andrew Sears,4.503,9.9,3
666171,Ryan Zeferjahn,4.504,1.0,1
695076,Rhett Lowder,4.504,78.4,32
700842,Eduardo Rivera,4.506,6.2,3
572955,Pierce Johnson,4.506,1.9,2
542882,Matt Andriese,4.506,1.7,1
446372,Corey Kluber,4.508,96.2,64
695684,Elmer Rodríguez,4.508,23.6,6
680951,Doug Nikhazy,4.511,3.0,1
663399,Brandon Waddell,4.511,3.0,1
687473,Ryan Gusto,4.513,77.1,35
656212,Charlie Barnes,4.514,27.6,8
458681,Lance Lynn,4.515,106.5,150
607067,Colin Rea,4.515,106.2,97
671131,Jackson Rutledge,4.516,22.3,5
552640,Andrew Kittredge,4.517,13.5,12
608665,Kendall Graveman,4.518,8.5,2
592811,Andrew Triggs,4.519,3.8,2
660761,José Suarez,4.522,86.5,64
621295,Nick Wittgren,4.522,0.7,1
685410,Peyton Battenfield,4.524,28.8,6
476594,Robert Stock,4.524,31.8,10
669424,Jimmy Lambert,4.524,16.8,6
543548,Tommy Milone,4.525,52.9,18
685116,Austin Kitchen,4.526,2.0,1
596043,Daniel Mengden,4.526,42.6,11
702885,Cesar Perdomo,4.527,19.1,4
664353,José Urquidy,4.532,101.9,71
621244,José Berríos,4.539,107.9,202
621107,Zach Eflin,4.54,105.8,143
804267,Zac Thornton,4.541,60.3,15
621237,José Alvarado,4.541,0.3,1
621141,Walker Lockett,4.543,21.4,5
663554,Casey Mize,4.546,98.9,113
681869,Shawn Dubin,4.55,9.4,3
690279,Mason Adams,4.55,25.8,6
663455,Konnor Pilkington,4.551,40.6,11
450306,Jason Vargas,4.554,79.4,29
592717,Aaron Sanchez,4.557,80.4,44
628345,Darien Núñez,4.563,2.0,1
687075,Brandon Sproat,4.563,64.6,23
643617,Zac Reininger,4.563,2.0,1
670955,Edwin Uceta,4.563,2.0,1
669422,Matt Sauer,4.566,4.0,1
431148,Scott Kazmir,4.566,9.4,4
621112,Paul Blackburn,4.566,87.6,72
672851,Joan Adon,4.568,67.7,26
682243,Bryce Miller,4.574,105.3,95
593423,Frankie Montas,4.579,100.5,123
592662,Robbie Ray,4.579,105.1,178
678868,Eddy Yean,4.582,2.3,1
666277,George Soriano,4.582,3.0,1
676710,Kutter Crawford,4.583,104.2,69
696131,Mason Black,4.585,28.3,8
598271,Brian Johnson,4.586,19.7,7
670241,Darius Vines,4.586,20.0,4
669935,A.J. Alexy,4.586,17.9,4
680755,Braydon Fisher,4.587,9.9,11
521655,Wilmer Font,4.588,22.0,17
594902,Ben Lively,4.588,92.5,50
543594,Sean Nolin,4.59,15.8,5
676606,Nick Margevicius,4.592,57.4,22
502748,Brad Peacock,4.595,56.6,16
672578,Carlos Hernández,4.596,55.8,25
628317,Kenta Maeda,4.597,90.3,95
594835,Marco Gonzales,4.597,105.5,119
641927,Bailey Ober,4.599,106.9,139
667652,Jack Ralston,4.6,1.3,1
669308,Sean Reynolds,4.6,2.7,1
686826,Bryce Jarvis,4.6,2.7,1
673929,Jordan Leasure,4.601,2.3,2
837227,Tatsuya Imai,4.604,41.6,15
670912,Johan Oviedo,4.606,98.1,67
663542,Bryan Hudson,4.607,8.1,9
621121,Lance McCullers Jr.,4.608,94.5,68
518452,Chad Bettis,4.608,12.6,3
669194,Ryne Nelson,4.615,112.5,93
518876,Merrill Kelly,4.615,110.9,201
687064,Brandon Young,4.616,95.7,40
669395,Dylan Coleman,4.619,1.0,1
664294,Dauri Moreta,4.62,0.3,1
605200,Zach Davies,4.621,92.3,120
519076,Jimmy Nelson,4.625,12.6,4
607625,Seth Lugo,4.626,104.9,124
593334,Domingo Germán,4.627,103.2,77
650530,Bryan Garcia,4.627,19.1,4
675627,Michael Grove,4.628,51.0,20
656605,Mitch Keller,4.63,103.3,185
656288,Griffin Canning,4.631,95.8,121
503449,Wily Peralta,4.632,61.4,19
656457,Tyler Gilbert,4.633,42.6,19
669854,Ronel Blanco,4.636,98.1,50
702566,Owen Murphy,4.636,2.7,1
592612,Josh Osich,4.637,2.0,1
696270,Ryan Johnson,4.645,63.5,19
656412,Alex Faedo,4.645,55.6,30
518715,Cory Gearrin,4.647,1.9,2
679525,Alec Marsh,4.647,80.2,33
669211,Keegan Akin,4.648,50.6,30
663574,Tony Santillan,4.649,15.6,5
607374,Nick Tropeano,4.65,5.0,1
605400,Aaron Nola,4.651,108.7,225
672710,Roansy Contreras,4.651,71.5,33
683352,Mitch Bratt,4.651,35.4,10
665871,Javier Assad,4.652,98.0,65
595001,Josh A. Smith,4.655,8.8,3
676840,Matt Peacock,4.656,27.9,8
445213,Brandon Kintzler,4.658,1.0,1
596082,Jake Reed,4.658,1.0,1
543883,Nick Vincent,4.658,1.0,1
668874,Blair Henley,4.659,0.3,1
688692,Jared Simpson,4.659,0.3,1
665795,Edward Cabrera,4.66,100.4,102
613534,Austin Adams,4.66,1.6,2
692230,Carlos Rodriguez,4.661,11.7,3
608337,Lucas Giolito,4.661,104.6,166
656887,Sean Reid-Foley,4.662,21.9,6
683363,Matt Wilkinson,4.667,20.1,6
592826,Vince Velasquez,4.667,84.7,68
623211,Huascar Brazobán,4.668,9.0,9
660853,Enyel De Los Santos,4.669,4.0,1
607536,Kyle Freeland,4.672,105.7,195
608652,Luke Farrell,4.673,8.7,4
666201,Alek Manoah,4.674,99.6,75
641726,Daulton Jefferies,4.675,37.8,11
672391,Kaleb Ort,4.678,4.2,2
688642,Zach Agnos,4.68,10.0,3
672782,Yoendrys Gómez,4.683,37.3,9
680736,Justin Wrobleski,4.684,86.4,30
663362,Matt Waldron,4.685,86.5,37
622072,Alex Wood,4.686,87.8,82
570240,Félix Peña,4.689,24.5,7
489119,Wade Miley,4.689,99.6,100
668933,Graham Ashcraft,4.69,102.2,60
694462,Hurston Waldrep,4.693,49.6,13
678906,Kai-Wei Teng,4.694,48.4,17
608650,Dietrich Enns,4.695,11.0,3
596071,Dillon Peters,4.696,52.3,22
656578,Andre Jackson,4.699,22.9,7
621368,Taylor Hearn,4.699,66.0,25
572143,Burch Smith,4.699,0.3,1
676775,Keaton Winn,4.702,53.7,17
656725,Alex McRae,4.706,6.3,2
693821,Bryce Elder,4.707,112.5,104
488768,Andrew Cashner,4.708,75.8,23
670046,Kenny Rosenberg,4.709,21.5,5
808963,Roki Sasaki,4.709,81.3,31
543056,Danny Coulombe,4.71,2.6,2
663629,Ethan Small,4.712,6.2,2
676508,Ben Casparius,4.713,9.2,3
501381,Michael Pineda,4.713,90.8,63
702281,Robby Snelling,4.717,5.0,1
667725,Kyle Tyler,4.717,25.4,7
671096,Andrew Abbott,4.719,103.9,107
453286,Max Scherzer,4.721,97.8,162
664871,Kyle Dowdy,4.725,3.0,1
660365,Hyeon-Jong Yang,4.727,13.8,4
450203,Charlie Morton,4.729,94.0,193
679883,Luinder Avila,4.73,39.9,12
502239,Trevor Cahill,4.736,61.5,25
606162,Yefry Ramírez,4.741,3.3,1
663558,Jovani Morán,4.744,2.9,3
663423,Trent Thornton,4.745,62.6,36
666721,Max Castillo,4.745,23.1,6
518774,Matt Harvey,4.748,81.7,44
641585,J.P. France,4.749,83.7,28
806185,Hayden Birdsong,4.751,63.0,26
621111,Walker Buehler,4.752,97.3,155
605164,Dylan Bundy,4.753,94.1,89
668676,Zach Plesac,4.755,99.6,86
570666,Luis Cessa,4.756,48.9,16
547001,Cody Poteet,4.756,44.5,13
669330,Tyler Wells,4.756,94.2,50
682227,Brandon Williamson,4.757,79.4,34
594577,Mike Mayers,4.759,24.8,7
674370,Osvaldo Bido,4.759,69.6,28
650893,Génesis Cabrera,4.761,8.2,2
665665,Reiver Sanmartin,4.763,19.6,6
457918,J.A. Happ,4.763,98.7,69
663485,Cole Sands,4.764,14.9,6
663978,Chris Paddack,4.767,97.9,119
663687,Hogan Harris,4.769,53.8,15
595345,Steven Okert,4.77,3.4,5
592468,Nick Kingham,4.771,14.5,4
675912,Zac Lowther,4.771,21.2,6
802419,Thomas Harrington,4.772,4.0,1
572193,Ryan Tepera,4.773,1.0,1
641312,Shaun Anderson,4.773,56.2,18
623167,Chris Flexen,4.774,98.4,101
571539,Matt Carasiti,4.776,3.9,5
670970,Adrian Morejon,4.781,17.4,9
663795,Justin Hagenman,4.783,7.1,2
608717,Chris Stratton,4.791,22.2,6
607231,John Gant,4.791,53.7,21
703615,Jose Cabrera,4.792,19.8,5
690916,Richard Fitts,4.792,43.8,14
685126,Brandon Eisert,4.792,6.6,7
669920,Jason Alexander,4.792,76.8,26
668868,Zack Thompson,4.793,46.8,12
584171,Hector Velázquez,4.794,18.2,8
676961,Caleb Boushley,4.796,3.0,1
805074,Yunior Marte,4.798,13.6,3
669212,Eli Morgan,4.802,61.0,19
673540,Kodai Senga,4.804,90.8,60
694363,Jared Shuster,4.805,39.8,17
700363,AJ Smith-Shawver,4.806,58.4,20
657141,Jordan Yamamoto,4.807,57.0,19
660593,Denyi Reyes,4.81,13.8,4
605507,Zach Thompson,4.81,78.6,36
640464,Kohl Stewart,4.814,22.0,5
663465,Kolby Allard,4.814,82.1,43
593140,Michael Feliz,4.817,0.3,1
595939,Chris Ellis,4.82,24.3,8
595881,Tyler Beede,4.822,67.0,27
528748,Humberto Castellanos,4.824,52.8,16
694646,Chayce McDermott,4.825,6.8,2
683175,Connor Phillips,4.832,18.3,5
502327,Héctor Santiago,4.834,11.6,3
702273,Noah Schultz,4.834,42.3,14
678022,Jack Perkins,4.838,64.0,21
641447,Daniel Castano,4.842,49.3,17
663372,Ryan Feltner,4.847,99.9,89
467100,Iván Nova,4.848,89.0,38
621219,Alec Mills,4.849,79.8,37
622491,Luis Castillo,4.85,103.3,220
656970,Devin Smeltzer,4.852,63.9,20
593372,Carlos Martinez,4.854,64.3,21
688138,Logan Evans,4.855,55.2,15
543351,Jay Jackson,4.857,0.3,1
606996,Kyle Hart,4.857,31.9,13
657248,Glenn Otto Jr.,4.858,81.8,33
682052,Jacob Lopez,4.858,87.0,43
663969,Tyler Phillips,4.859,67.3,28
519141,Drew Pomeranz,4.861,44.0,22
572971,Dallas Keuchel,4.866,89.6,84
694918,Blade Tidwell,4.867,41.0,11
621058,Andrew Moore,4.87,4.7,1
674072,Tommy Henry,4.875,82.1,32
640462,A.J. Puk,4.878,12.8,4
681217,Chase Silseth,4.888,50.3,17
656240,Scott Blewett,4.891,5.5,2
664074,Cody Ponce,4.891,19.5,6
502043,Kyle Gibson,4.891,102.6,169
541640,Erasmo Ramírez,4.892,11.5,4
607200,Erick Fedde,4.893,97.9,144
657053,Touki Toussaint,4.893,75.0,34
676596,Josh Fleming,4.894,62.4,25
646242,Jhonathan Díaz,4.894,21.1,7
642216,Allan Winans,4.897,35.9,9
682051,Garrett Hill,4.899,36.0,8
666374,Matt Brash,4.9,17.7,5
641482,Nestor Cortes,4.9,101.6,94
666157,Nick Lodolo,4.902,105.0,96
663765,Jake Woodford,4.903,63.4,25
656954,Justus Sheffield,4.904,80.6,33
680730,Mitchell Parker,4.905,98.9,59
425794,Adam Wainwright,4.909,104.3,126
641851,Kyle McGowin,4.91,4.0,1
686751,Seth Johnson,4.911,2.3,1
434671,Aníbal Sánchez,4.917,95.8,55
680573,Simeon Woods Richardson,4.92,88.2,61
680723,Drew Rom,4.922,28.2,8
605130,Scott Barlow,4.927,1.0,1
668678,Zac Gallen,4.928,107.1,196
650644,Aaron Civale,4.929,98.0,150
642834,Jonathan Bermúdez,4.933,2.0,1
594736,Cody Anderson,4.934,3.6,2
606959,Rookie Davis,4.939,3.0,1
663623,Jake Irvin,4.946,100.2,110
686610,Ken Waldichuk,4.948,73.9,29
640470,Adbert Alzolay,4.949,72.7,27
670174,Josh Winckowski,4.954,54.4,21
669214,Conner Menez,4.954,13.3,4
693313,Carson Seymour,4.959,8.8,3
448179,Rich Hill,4.96,94.9,107
665854,Luis Oviedo,4.965,1.0,1
456501,Johnny Cueto,4.965,107.2,73
699151,Jedixson Paez,4.966,3.7,1
630023,Yonny Chirinos,4.968,84.7,37
801403,Chase Dollander,4.97,65.6,24
572362,Robbie Erlin,4.97,17.3,6
680686,Josiah Gray,4.97,99.3,73
571760,Andrew Heaney,4.973,98.5,149
502190,Mike Leake,4.974,99.2,32
665621,Rony García,4.974,34.2,10
678024,Mike Vasil,4.983,10.5,3
676050,Packy Naughton,4.983,19.8,8
664199,Taylor Clarke,4.985,50.4,24
500779,Jose Quintana,4.985,99.3,153
681347,Mike Burrows,4.987,87.3,36
701519,Travis Adams,4.987,7.1,2
543557,Mike Montgomery,4.989,47.7,14
687362,Connor Gillispie,4.994,22.6,6
571800,Drew Hutchison,4.996,62.3,20
676467,Colton Gordon,4.999,51.0,14
607455,Anthony Banda,5.0,2.5,4
681066,Ky Bush,5.0,16.3,4
471911,Carlos Carrasco,5.003,93.3,115
622065,Alex Young,5.003,63.1,25
621057,Justin Garza,5.004,1.0,1
547179,Michael Lorenzen,5.004,94.5,120
661309,Adrián Martinez,5.008,44.1,13
624522,Keegan Thompson,5.008,59.5,23
696136,Jordan Wicks,5.009,52.9,19
663474,Triston McKenzie,5.01,99.7,80
800049,Adam Mazur,5.013,47.0,14
571666,Mike Fiers,5.015,97.3,46
687765,Mitch Spence,5.02,81.6,33
676664,JP Sears,5.024,99.7,108
452657,Jon Lester,5.024,101.4,71
594943,Zach Neal,5.027,9.8,2
642545,Jaime Barria,5.028,76.4,36
687922,Easton Lucas,5.03,17.4,5
614179,José Ruiz,5.031,1.7,1
641712,Dakota Hudson,5.034,100.1,97
676194,Jackson Tetreault,5.035,19.4,4
622608,Antonio Senzatela,5.039,93.6,112
502188,Jeff Samardzija,5.039,91.5,36
596133,Luke Weaver,5.04,86.5,63
656232,Brandon Bielak,5.042,64.3,21
694346,Trey Gibson,5.044,31.7,8
641745,Brad Keller,5.051,97.3,97
642558,Ariel Jurado,5.055,61.7,19
656657,Zach Logue,5.057,39.5,10
572070,Garrett Richards,5.06,75.5,37
814490,Ethan Pecko,5.061,18.0,5
680802,Ryan Weiss,5.066,6.8,2
650668,Humberto Mejía,5.07,27.4,8
664062,Tony Gonsolin,5.073,101.2,78
686973,Louis Varland,5.082,67.7,23
623381,Thomas Pannone,5.083,23.0,8
571616,Matt Dermody,5.083,4.0,1
663734,Nick Neidert,5.085,31.2,8
684442,Kohl Drake,5.085,18.6,5
669947,Jesse Scholtens,5.087,47.7,13
661563,Luis Gil,5.089,94.7,51
543475,Jordan Lyles,5.092,113.9,130
628333,Odrisamer Despaigne,5.093,12.5,3
571676,Seth Frankoff,5.096,13.0,3
621086,James Marvel,5.096,16.1,4
605242,Michael Fulmer,5.102,29.9,15
660604,Alan Rangel,5.109,10.8,3
676272,Bobby Miller,5.111,80.4,36
642231,Jimmy Yacabonis,5.113,8.6,6
517593,Danny Salazar,5.117,4.0,1
642578,José Rodríguez,5.119,2.0,1
678368,Valente Bellozo,5.122,59.7,19
607229,Robert Gsellman,5.125,10.3,5
666154,Karl Kauffmann,5.126,12.0,3
453329,Clay Buchholz,5.129,44.7,12
592789,Noah Syndergaard,5.129,102.2,76
681293,Spencer Arrighetti,5.133,93.4,54
607481,Aaron Bummer,5.133,4.2,2
501985,Mike Minor,5.133,105.9,90
663559,Bailey Falter,5.135,91.8,85
592879,Asher Wojciechowski,5.141,67.0,24
518516,Madison Bumgarner,5.141,103.9,103
641149,Wes Parsons,5.152,4.0,1
605347,Jorge López,5.156,83.1,49
641672,Thomas Hatch,5.159,21.7,7
533167,Matt Shoemaker,5.162,63.8,22
571946,Shelby Miller,5.166,24.3,9
663804,Jackson Kowar,5.168,23.6,8
682175,Joe Jacques,5.17,1.3,1
592767,Drew Smyly,5.172,93.9,94
664337,Miguel Yajure,5.172,14.1,4
663562,Noah Davis,5.176,22.1,6
689017,Landon Knack,5.177,57.4,19
605155,Colten Brewer,5.178,13.4,4
605498,Andrew Suárez,5.178,9.7,2
686563,Jonathan Cannon,5.18,86.1,38
282332,CC Sabathia,5.182,62.4,22
592464,Mike Kickham,5.183,6.5,2
702474,Mike Paredes,5.184,20.0,5
691441,Cristian Mena,5.189,3.0,1
685299,Tanner Gordon,5.19,77.9,35
663903,Brady Singer,5.192,102.0,187
519043,Matt Moore,5.192,47.3,15
642203,Taylor Widener,5.194,45.5,13
641778,Eric Lauer,5.196,100.4,122
608372,Tomoyuki Sugano,5.198,100.5,59
475115,Tyson Ross,5.204,29.9,7
543219,Sean Gilmartin,5.204,2.3,1
605156,Aaron Brooks,5.206,64.2,22
663738,Daniel Lynch IV,5.207,86.6,65
594965,Daniel Ponce de Leon,5.209,48.4,18
807743,Sean Sullivan,5.209,20.5,5
472610,Luis García,5.21,2.7,4
592644,Adam Plutko,5.211,65.3,25
669060,Bryse Wilson,5.212,87.2,56
642397,Gregory Soto,5.214,20.1,7
622694,Elieser Hernández,5.217,84.3,43
656353,Tucker Davidson,5.223,48.3,17
622797,Pedro Payano,5.229,14.7,4
702275,JR Ritchie,5.233,39.1,10
802408,Brycen Mautz,5.235,1.0,1
669169,Jonathan Heasley,5.245,70.8,24
687931,Carson Whisenhunt,5.245,42.6,13
660261,Shintaro Fujinami,5.245,14.5,7
666205,Kyle Muller,5.248,63.7,24
701487,Pierson Ohl,5.251,7.6,3
626929,Lewis Thorpe,5.254,22.8,7
670766,Darren McCaughan,5.255,22.4,6
676424,Alec Bettinger,5.255,4.0,1
657624,Josh James,5.262,6.8,3
502179,Paolo Espino,5.264,75.9,40
686799,Jack Kochanowicz,5.264,87.0,47
689672,Drew Thorpe,5.266,36.0,9
542881,Tyler Anderson,5.272,104.7,157
672715,Luis Patiño,5.274,54.1,23
668968,Hans Crouse,5.277,6.8,2
605469,Chandler Shepherd,5.278,11.5,3
642028,Josh Rogers,5.283,40.2,9
663531,Logan Allen,5.284,45.5,15
592346,Chi Chi González,5.288,76.4,39
663773,Bryan Hoeing,5.289,29.9,10
814005,Jake Bloss,5.293,11.1,3
527054,Julio Teheran,5.298,89.9,55
476451,Jeremy Hellickson,5.299,30.6,8
687223,Carson Palmquist,5.3,28.5,13
675540,Xzavion Curry,5.301,47.0,17
642607,Dario Agrazal,5.303,51.9,14
656814,Luis Ortiz,5.306,3.3,1
663753,Reiss Knehr,5.309,17.9,7
661269,Vladimir Gutierrez,5.314,74.0,30
596295,Austin Gomber,5.315,102.1,113
453385,Clayton Richard,5.316,36.6,10
592791,Jameson Taillon,5.319,99.9,166
676617,Riley O'Brien,5.322,1.3,1
641541,Jon Duplantier,5.326,21.8,7
657024,Erik Swanson,5.348,29.4,11
641771,Chad Kuhl,5.351,88.6,56
668338,Tyson Miller,5.355,6.4,3
671790,Ronald Bolaños,5.358,16.0,5
640444,Wil Crowe,5.358,68.1,29
570632,José Ureña,5.361,89.4,78
691951,Sam Aldegheri,5.362,37.5,11
605138,Wes Benjamin,5.374,9.4,3
608328,Chase De Jong,5.379,40.0,11
675650,Michael Mercado,5.379,6.4,2
806960,Luis Morales,5.387,41.9,11
453281,Wade LeBlanc,5.393,57.1,23
468504,Jhoulys Chacín,5.399,57.5,25
670102,Bowden Francis,5.411,73.8,27
675921,Spencer Howard,5.423,57.3,32
682989,Victor Mederos,5.425,12.4,3
605446,Dereck Rodríguez,5.427,53.8,16
656271,Brock Burke,5.442,22.4,8
670124,Adam Oller,5.451,68.1,23
674681,Michael Plassmeyer,5.455,3.7,1
641793,Zack Littell,5.456,102.7,91
641571,Heath Fillmyer,5.457,11.5,3
668948,Kirk McCarty,5.459,8.8,2
683155,Joey Estes,5.46,75.4,29
686730,Carson Spiers,5.46,49.5,14
592836,Taijuan Walker,5.463,99.5,141
433587,Félix Hernández,5.467,51.3,15
453562,Jake Arrieta,5.474,78.7,57
670329,Rico Garcia,5.474,5.8,2
685326,McCade Brown,5.479,22.2,7
571945,Miles Mikolas,5.485,100.1,182
605488,Jeffrey Springs,5.488,96.5,94
450172,Edinson Volquez,5.49,8.4,4
607215,Eric Skoglund,5.492,14.7,4
649144,Alex Wells,5.499,31.4,8
656546,Jeff Hoffman,5.5,61.3,27
669684,Chris Murphy,5.507,2.5,3
502624,Chase Anderson,5.507,83.5,68
543532,Tim Melville,5.521,28.6,7
656548,Jordan Holloway,5.537,11.0,4
643410,Mark Leiter Jr.,5.537,13.4,4
642098,Glenn Sparkman,5.537,69.7,23
669438,Mason Englert,5.565,20.4,6
687924,Julian Aguiar,5.567,27.4,7
694341,Brendan Beck,5.595,8.5,2
666745,Jhony Brito,5.6,39.6,13
608566,Germán Márquez,5.601,95.2,145
683769,Hunter Gaddis,5.601,31.9,9
689266,Dylan Dodd,5.614,29.6,7
592314,Mike Foltynewicz,5.619,98.3,46
664714,Ljay Newsome,5.623,13.2,5
800311,Didier Fuentes,5.649,14.2,5
456051,Hector Noesí,5.658,16.8,4
605501,Stephen Tarpley,5.658,1.0,1
686930,Mason Barnett,5.659,37.3,11
680684,Gunnar Hoglund,5.668,28.5,6
656629,Michael Kopech,5.671,82.6,56
643327,Zack Godley,5.679,43.8,17
543001,Ryan Carpenter,5.686,33.0,9
543699,Tanner Roark,5.694,84.2,43
429722,Ervin Santana,5.695,17.3,5
592229,Dylan Covey,5.701,34.9,13
667498,Robert Dugger,5.71,37.8,13
663878,Nate Pearson,5.711,16.8,6
676265,Cory Abbott,5.733,35.1,10
650496,J.C. Mejía,5.736,33.6,11
462136,Marco Estrada,5.738,21.2,5
663366,Beau Burrows,5.748,2.0,1
669145,Bruce Zimmermann,5.764,74.9,28
695034,Kade Morris,5.785,6.5,2
680742,Jonathan Bowlan,5.829,6.3,3
702674,Caden Dana,5.844,31.6,8
680692,Jonathan Stiever,5.845,6.1,2
643290,Justin Dunn,5.855,69.7,32
429719,Edwin Jackson,5.863,41.1,13
657756,Connor Seabold,5.866,53.0,19
695534,Chase Petty,5.878,16.0,5
544365,Manny Banuelos,5.892,29.3,8
543901,Ryan Weber,5.911,25.5,8
680897,Nick Nastrini,5.917,27.1,8
643615,T.J. Zeuch,5.924,31.6,10
685503,Kohei Arihara,5.936,42.7,14
621389,Ty Blach,5.943,74.2,31
592761,Caleb Smith,5.976,78.4,46
607968,Drew Rucinski,5.993,16.6,4
664045,Thomas Eshelman,6.017,38.2,14
664161,Matt Swarmer,6.082,22.0,5
593679,Gabriel Ynoa,6.126,48.4,13
687134,Bradley Blalock,6.128,56.1,18
452027,Andrew Albers,6.148,11.7,3
643478,Joe Palumbo,6.233,9.8,4
663378,Thomas Szapucki,6.309,1.3,1
502706,Derek Holland,6.342,47.0,13
680689,Lyon Richardson,6.387,15.8,5
573185,Dan Straily,6.4,27.9,8
682610,Roddery Muñoz,6.422,51.6,17
446321,Ross Detwiler,6.514,40.6,17
660730,Elvin Rodríguez,6.669,27.9,7
624418,Ryan Castellani,6.682,35.6,10
605276,David Hess,6.689,47.9,15
595191,Jerad Eickhoff,6.715,51.7,15
656686,Corbin Martin,7.032,29.0,10
676720,Tommy Romero,7.239,5.2,2
