qb_id,qb_name,qb_epa,dropbacks_weighted,starts
00-0034857,Josh Allen,0.1913,1732.7,141
00-0037834,Brock Purdy,0.1889,1126.7,55
00-0033873,Patrick Mahomes,0.1765,1978.1,149
00-0020531,Drew Brees,0.1619,1693.3,302
00-0034796,Lamar Jackson,0.1553,1437.3,117
00-0033106,Jared Goff,0.1477,1788.5,162
00-0036264,Jordan Love,0.144,1158.9,55
00-0021678,Tony Romo,0.1437,857.7,133
00-0033077,Dak Prescott,0.1353,1849.0,147
00-0026498,Matthew Stafford,0.1312,1815.7,254
00-0022942,Philip Rivers,0.1308,1742.6,255
00-0019596,Tom Brady,0.1193,2087.3,378
00-0036442,Joe Burrow,0.1139,1664.9,86
00-0039851,Drake Maye,0.1128,898.9,34
00-0036389,Jalen Hurts,0.109,1415.8,95
00-0039910,Jayden Daniels,0.1086,794.1,25
00-0031345,Jimmy Garoppolo,0.1057,1167.9,71
00-0029668,Andrew Luck,0.1038,1665.6,94
00-0036212,Tua Tagovailoa,0.0997,1356.8,78
00-0010346,Peyton Manning,0.0955,1199.5,272
00-0023682,Ryan Fitzpatrick,0.0922,1450.7,147
00-0039732,Bo Nix,0.0728,1030.4,38
00-0034855,Baker Mayfield,0.0701,1698.4,127
00-0021429,Carson Palmer,0.0679,1422.0,183
00-0022924,Ben Roethlisberger,0.0662,1934.5,270
00-0031280,Derek Carr,0.066,1709.8,170
00-0036355,Justin Herbert,0.0634,1687.9,100
00-0040691,Jaxson Dart,0.0622,392.7,14
00-0029604,Kirk Cousins,0.0599,1734.5,173
00-0035228,Kyler Murray,0.0582,1556.1,88
00-0039918,Caleb Williams,0.0581,1048.7,38
00-0033537,Deshaun Watson,0.0529,1507.5,77
00-0036971,Trevor Lawrence,0.0529,1494.3,82
00-0023459,Aaron Rodgers,0.0527,1777.3,280
00-0029701,Ryan Tannehill,0.0513,1525.0,156
00-0023436,Alex Smith,0.0502,1586.3,174
00-0033319,Nick Mullens,0.0492,604.7,20
00-0026143,Matt Ryan,0.0491,1949.2,243
00-0031503,Jameis Winston,0.0475,1492.1,92
00-0031237,Teddy Bridgewater,0.0463,1193.5,67
00-0032268,Marcus Mariota,0.0405,1149.0,88
00-0039917,Michael Penix Jr.,0.0404,389.3,13
00-0034869,Sam Darnold,0.0359,1388.7,96
00-0039163,C.J. Stroud,0.034,1214.9,53
00-0033869,Mitchell Trubisky,0.0337,1020.6,60
00-0027974,Colin Kaepernick,0.032,1152.7,64
00-0026300,Josh Johnson,0.0233,246.7,11
00-0028118,Tyrod Taylor,0.0225,1091.0,68
00-0029263,Russell Wilson,0.0183,1699.9,219
00-0038128,Malik Willis,0.0178,236.5,8
00-0040743,Tyler Shough,0.0106,432.3,11
00-0036972,Mac Jones,0.0079,1198.7,58
00-0035710,Daniel Jones,0.002,1482.8,86
00-0027854,Sam Bradford,0.0018,1072.2,83
00-0032950,Carson Wentz,-0.0006,1612.7,101
00-0021206,Josh McCown,-0.0008,1086.4,76
00-0027939,Cam Newton,-0.0018,1501.3,151
00-0034771,Mason Rudolph,-0.0049,594.8,26
00-0030565,Geno Smith,-0.006,1553.2,101
00-0022803,Eli Manning,-0.0068,1715.2,246
00-0027150,,-0.0076,7.6,0
00-0022864,Luke McCown,-0.0078,41.2,10
00-0027973,Andy Dalton,-0.0098,1578.2,175
00-0038400,Tanner McKee,-0.0112,94.0,2
00-0031407,Blake Bortles,-0.0112,1491.5,76
00-0023541,Kyle Orton,-0.0114,474.2,82
00-0033119,Jacoby Brissett,-0.0124,1334.5,67
00-0025708,Matt Moore,-0.0127,339.0,33
00-0024226,Jay Cutler,-0.0204,1225.9,154
00-0030140,,-0.0221,2.9,0
00-0033357,Taysom Hill,-0.0239,186.6,9
00-0035156,,-0.024,4.8,0
00-0035289,Gardner Minshew,-0.0262,1149.0,48
00-0031235,,-0.0266,7.5,0
00-0029632,,-0.0269,7.5,0
00-0035704,Drew Lock,-0.0273,770.8,26
00-0007091,Matt Hasselbeck,-0.0315,305.2,170
00-0031382,,-0.0344,11.5,0
00-0039398,Joe Milton III,-0.0359,55.1,1
00-0036945,Justin Fields,-0.0363,1020.2,51
00-0028986,Case Keenum,-0.0365,1234.3,68
00-0027946,Jake Locker,-0.0366,336.3,23
00-0035100,Jake Browning,-0.0376,372.2,10
00-0035993,Tyler Huntley,-0.0397,542.3,15
00-0038579,Aidan O'Connell,-0.0399,531.9,17
00-0029567,Nick Foles,-0.04,1232.1,63
00-0026158,Joe Flacco,-0.0401,1772.6,221
00-0039150,Bryce Young,-0.0406,1103.3,44
00-0031800,Taylor Heinicke,-0.0406,778.1,30
00-0028954,,-0.0415,2.0,0
00-0029677,Brandon Weeden,-0.0431,416.3,25
00-0032764,,-0.0459,10.1,0
00-0024417,,-0.0469,6.6,0
00-0034960,,-0.0479,8.5,0
00-0033132,,-0.0487,1.0,0
00-0034437,,-0.0487,4.8,0
00-0026625,Brian Hoyer,-0.0492,914.8,42
00-0024279,Tarvaris Jackson,-0.0504,20.2,35
00-0026035,,-0.0515,5.7,0
00-0030533,Matt Barkley,-0.054,312.7,8
00-0034348,,-0.0547,4.8,0
00-0033280,,-0.0548,5.7,0
00-0027253,Thaddeus Lewis,-0.0548,176.3,6
00-0034418,,-0.0553,8.3,0
00-0032462,,-0.0566,18.6,0
00-0022787,Matt Schaub,-0.0572,447.8,97
00-0031079,,-0.0577,1.0,0
00-0035889,,-0.0577,3.9,0
00-0033556,,-0.0582,2.9,0
00-0036259,,-0.0586,2.0,0
00-0029234,Kellen Moore,-0.0591,107.4,2
00-0022824,,-0.0596,5.7,0
00-0027685,,-0.0603,2.0,0
00-0029682,Brock Osweiler,-0.0609,924.2,33
00-0034577,Kyle Allen,-0.0616,619.4,19
00-0028052,,-0.0621,2.9,0
00-0021488,,-0.0624,1.0,0
00-0031051,,-0.0626,2.0,0
00-0026898,Mark Sanchez,-0.063,433.8,79
00-0040234,Quinn Ewers,-0.0651,91.7,3
00-0036313,,-0.0653,2.9,0
00-0035544,,-0.0658,1.0,0
00-0036322,,-0.0661,10.0,0
00-0026544,Chase Daniel,-0.0662,250.4,5
00-0030586,,-0.0662,11.9,0
00-0032943,,-0.0697,7.5,0
00-0039164,Anthony Richardson,-0.0702,342.8,10
00-0024296,Charlie Whitehurst,-0.0703,245.3,9
00-0035190,,-0.0706,1.0,0
00-0030524,Landry Jones,-0.0707,167.6,5
00-0028347,,-0.0712,1.0,0
00-0033557,,-0.0719,1.0,0
00-0038122,Desmond Ridder,-0.0721,523.7,17
00-0023853,,-0.0724,1.0,0
00-0030789,,-0.0731,1.0,0
00-0031260,,-0.0738,12.4,0
00-0026393,,-0.0739,1.0,0
00-0026197,Chad Henne,-0.0745,536.5,54
00-0029665,Robert Griffin,-0.0745,663.2,43
00-0029747,,-0.0746,1.0,0
00-0029304,,-0.0754,2.0,0
00-0033269,,-0.0761,1.0,0
00-0030663,,-0.0774,2.0,0
00-0028012,Ryan Mallett,-0.0777,295.6,8
00-0033936,C.J. Beathard,-0.0779,477.3,13
00-0034827,,-0.0782,2.9,0
00-0031941,,-0.0783,3.9,0
00-0030710,,-0.0785,1.0,0
00-0023578,Dan Orlovsky,-0.0787,39.2,12
00-0035290,,-0.0787,1.0,0
00-0032496,,-0.0791,1.0,0
00-0040206,Riley Leonard,-0.0791,70.9,1
00-0033550,Davis Webb,-0.0792,43.0,1
00-0030419,Matt McGloin,-0.0793,250.1,7
00-0022921,,-0.0793,4.8,0
00-0032436,Jeff Driskel,-0.0794,378.7,10
00-0027891,,-0.0796,2.9,0
00-0035250,,-0.0799,2.0,0
00-0034401,Mike White,-0.0801,290.3,7
00-0039634,,-0.0804,1.0,0
00-0019714,,-0.0808,1.0,0
00-0033400,,-0.081,3.9,0
00-0031409,Johnny Manziel,-0.0814,285.0,8
00-0027145,,-0.0816,2.0,0
00-0024408,Bruce Gradkowski,-0.0823,3.0,20
00-0036326,,-0.0824,1.0,0
00-0038102,Kenny Pickett,-0.0824,588.8,27
00-0023176,,-0.0826,3.0,0
00-0032449,,-0.0829,1.0,0
00-0035645,,-0.0831,2.0,0
00-0039890,,-0.0831,1.0,0
00-0030550,,-0.0833,1.0,0
00-0027688,Colt McCoy,-0.0834,495.3,36
00-0031431,,-0.0836,2.0,0
00-0024275,,-0.0836,1.0,0
00-0034959,,-0.0838,1.0,0
00-0036364,,-0.0839,3.9,0
00-0033466,,-0.0841,1.0,0
00-0029688,,-0.0841,1.0,0
00-0034860,,-0.0842,2.0,0
00-0034411,,-0.0844,2.0,0
00-0038543,,-0.0845,1.0,0
00-0033104,Cody Kessler,-0.0848,356.0,12
00-0038391,,-0.0851,1.0,0
00-0031912,,-0.0855,1.0,0
00-0027950,Christian Ponder,-0.0858,313.7,35
00-0031062,,-0.0861,1.0,0
00-0028434,,-0.0861,1.0,0
00-0031549,,-0.0865,1.0,0
00-0025825,,-0.0868,5.7,0
00-0028009,,-0.0869,2.0,0
00-0036414,,-0.087,2.0,0
00-0037238,,-0.0871,1.0,0
00-0028863,,-0.0872,8.0,0
00-0029493,,-0.0873,2.0,0
00-0028064,,-0.0874,2.0,0
00-0031288,A.J. McCarron,-0.0876,216.8,5
00-0027902,,-0.0877,1.0,0
00-0026144,,-0.0879,2.9,0
00-0030669,,-0.0884,5.8,0
00-0024264,Kellen Clemens,-0.0889,244.9,20
00-0034353,,-0.0889,1.0,0
00-0023460,Jason Campbell,-0.0891,316.4,79
00-0036320,,-0.0897,2.0,0
00-0032475,,-0.0906,2.0,0
00-0039491,,-0.0907,1.0,0
00-0032543,,-0.0907,2.0,0
00-0026796,,-0.0907,1.0,0
00-0020679,Shaun Hill,-0.0907,254.8,35
00-0039107,,-0.0908,4.0,0
00-0031972,,-0.0909,1.0,0
00-0036919,,-0.0912,1.0,0
00-0038120,,-0.0914,1.0,0
00-0033897,,-0.0915,2.0,0
00-0034419,,-0.0915,1.0,0
00-0034775,,-0.0922,3.9,0
00-0033307,,-0.0922,2.0,0
00-0029159,,-0.0922,1.0,0
00-0029000,,-0.0923,3.9,0
00-0035689,,-0.0924,1.0,0
00-0030092,,-0.0924,3.0,0
00-0030391,,-0.0926,1.0,0
00-0031588,,-0.0927,4.8,0
00-0031136,,-0.0927,2.0,0
00-0031363,,-0.0928,2.0,0
00-0033906,,-0.0929,1.0,0
00-0029623,Zach Mettenberger,-0.093,17.7,1
00-0023742,,-0.0931,2.9,0
00-0035297,,-0.0934,1.0,0
00-0038393,,-0.0934,1.0,0
00-0038416,Tyson Bagent,-0.0935,155.5,4
00-0033891,,-0.0936,2.0,0
00-0031376,,-0.0945,2.0,0
00-0030661,Connor Shaw,-0.0949,34.0,1
00-0036849,,-0.0953,2.0,0
00-0031395,Garrett Gilbert,-0.0964,79.7,2
00-0028825,Terrelle Pryor,-0.0972,295.0,10
00-0027793,,-0.0973,5.7,0
00-0030120,,-0.0974,2.0,0
00-0027943,,-0.0978,2.0,0
00-0034064,,-0.0978,2.0,0
00-0029692,,-0.0981,5.7,0
00-0025430,Drew Stanton,-0.0988,404.1,17
00-0033555,,-0.099,1.0,0
00-0028237,,-0.0997,1.0,0
00-0036893,,-0.0998,1.0,0
00-0027131,Keith Null,-0.1,0.0,4
00-0023158,Brock Berlin,-0.1,0.0,1
00-0010560,Shane Matthews,-0.1,0.0,22
00-0004293,Trent Dilfer,-0.1,0.0,51
00-0001907,Dave Brown,-0.1,0.0,7
00-0024300,Brodie Croyle,-0.1,0.0,10
00-0020434,Chris Weinke,-0.1,0.0,20
00-0022164,Kyle Boller,-0.1,0.0,47
00-0025427,John Beck,-0.1,0.0,7
00-0022827,John Navarre,-0.1,0.0,1
00-0015082,Akili Smith,-0.1,0.0,17
00-0021271,Kurt Kittner,-0.1,0.0,4
00-0019442,Clint Stoerner,-0.1,0.0,2
00-0011640,Moses Moreno,-0.1,0.0,2
00-0022005,Chris Simms,-0.1,0.0,17
00-0011024,Steve McNair,-0.1,0.0,125
00-0010137,Ray Lucas,-0.1,0.0,16
00-0005106,Brett Favre,-0.1,0.0,199
00-0026196,Brian Brohm,-0.1,0.0,2
00-0004161,Jake Delhomme,-0.1,0.0,105
00-0012732,Rodney Peete,-0.1,0.0,15
00-0011044,Cade McNown,-0.1,0.0,15
00-0021296,J.T. O'Sullivan,-0.1,0.0,8
00-0022731,Cody Pickett,-0.1,0.0,2
00-0025423,Kevin Kolb,-0.1,0.0,21
00-0019192,Travis Brown,-0.1,0.0,1
00-0007835,Damon Huard,-0.1,0.0,28
00-0019816,Tim Hasselbeck,-0.1,0.0,5
00-0022181,Drew Henson,-0.1,0.0,1
00-0009266,Shaun King,-0.1,0.0,28
00-0016534,Billy Joe Tolliver,-0.1,0.0,7
00-0005180,Jay Fiedler,-0.1,0.0,62
00-0006299,Tony Graziani,-0.1,0.0,3
00-0020405,Marques Tuiasosopo,-0.1,0.0,2
00-0001545,Todd Bouman,-0.1,0.0,7
00-0001361,Drew Bledsoe,-0.1,0.0,104
00-0016193,Vinny Testaverde,-0.1,0.0,69
00-0012261,Neil O'Donnell,-0.1,0.0,8
00-0019764,Henry Burris,-0.1,0.0,1
00-0022121,Rex Grossman,-0.1,0.0,50
00-0027876,Tim Tebow,-0.1,0.0,16
00-0018333,Danny Wuerffel,-0.1,0.0,4
00-0011244,Chris Miller,-0.1,0.0,3
00-0000104,Troy Aikman,-0.1,0.0,26
00-0010206,Matt Lytle,-0.1,0.0,1
00-0006423,Brian Griese,-0.1,0.0,82
00-0021141,Joey Harrington,-0.1,0.0,76
00-0005794,Jason Garrett,-0.1,0.0,2
00-0022039,Ken Dorsey,-0.1,0.0,13
00-0002876,Chris Chandler,-0.1,0.0,54
00-0016838,Alex Van Pelt,-0.1,0.0,7
00-0025388,JaMarcus Russell,-0.1,0.0,25
00-0006300,Elvis Grbac,-0.1,0.0,47
00-0025604,Tyler Thigpen,-0.1,0.0,12
00-0025409,Brady Quinn,-0.1,0.0,20
00-0011434,Scott Mitchell,-0.1,0.0,7
00-0015700,Kordell Stewart,-0.1,0.0,53
00-0026296,Dennis Dixon,-0.1,0.0,3
00-0019041,Billy Volek,-0.1,0.0,11
00-0005755,Jeff Garcia,-0.1,0.0,120
00-0020608,David Carr,-0.1,0.0,78
00-0020480,Sage Rosenfels,-0.1,0.0,12
00-0024218,Vince Young,-0.1,0.0,52
00-0010261,Tommy Maddox,-0.1,0.0,34
00-0021254,Randy Fasani,-0.1,0.0,1
00-0008442,Brad Johnson,-0.1,0.0,107
00-0006212,Kent Graham,-0.1,0.0,14
00-0025970,Caleb Hanie,-0.1,0.0,4
00-0019087,Doug Johnson,-0.1,0.0,11
00-0002110,Mark Brunell,-0.1,0.0,103
00-0000722,Tony Banks,-0.1,0.0,36
00-0027754,John Skelton,-0.1,0.0,17
00-0027347,Max Hall,-0.1,0.0,3
00-0023504,Andrew Walter,-0.1,0.0,10
00-0005589,Gus Frerotte,-0.1,0.0,50
00-0019599,Marc Bulger,-0.1,0.0,98
00-0006355,Trent Green,-0.1,0.0,101
00-0019553,Spergon Wynn,-0.1,0.0,3
00-0001335,Jeff Blake,-0.1,0.0,46
00-0005379,Glenn Foley,-0.1,0.0,1
00-0020483,Jesse Palmer,-0.1,0.0,3
00-0019623,Tim Rattay,-0.1,0.0,19
00-0007530,Billy Joe Hobert,-0.1,0.0,7
00-0019709,Chris Redman,-0.1,0.0,12
00-0005363,Doug Flutie,-0.1,0.0,42
00-0011524,Warren Moon,-0.1,0.0,1
00-0024225,Matt Leinart,-0.1,0.0,18
00-0022101,Brian St. Pierre,-0.1,0.0,1
00-0011022,Donovan McNabb,-0.1,0.0,176
00-0008612,Rob Johnson,-0.1,0.0,23
00-0022091,Dave Ragone,-0.1,0.0,2
00-0030526,EJ Manuel,-0.1,528.8,18
00-0003739,Daunte Culpepper,-0.1,0.0,103
00-0020562,Chad Hutchinson,-0.1,0.0,14
00-0009007,Danny Kanell,-0.1,0.0,5
00-0007576,Kelly Holcomb,-0.1,0.0,25
00-0011276,Jim Miller,-0.1,0.0,27
00-0001785,Bubby Brewster,-0.1,0.0,1
00-0016538,Mike Tomczak,-0.1,0.0,5
00-0020305,A.J. Feeley,-0.1,0.0,19
00-0010455,Jamie Martin,-0.1,0.0,9
00-0021231,David Garrard,-0.1,0.0,77
00-0012726,Doug Pederson,-0.1,0.0,17
00-0025479,Trent Edwards,-0.1,0.0,33
00-0022177,Byron Leftwich,-0.1,0.0,51
00-0022768,Matt Mauck,-0.1,0.0,1
00-0022912,J.P. Losman,-0.1,0.0,33
00-0009311,Jon Kitna,-0.1,0.0,121
00-0020565,Cleo Lemon,-0.1,0.0,8
00-0015627,Steve Stenstrom,-0.1,0.0,3
00-0010379,Dan Marino,-0.1,0.0,13
00-0004230,Ty Detmer,-0.1,0.0,6
00-0007834,Brock Huard,-0.1,0.0,4
00-0002787,Stoney Case,-0.1,0.0,6
00-0027775,Rusty Smith,-0.1,0.0,1
00-0013338,Jonathan Quinn,-0.1,0.0,4
00-0022744,Jim Sorgi,-0.1,0.0,4
00-0006808,Jim Harbaugh,-0.1,0.0,17
00-0020404,Quincy Carter,-0.1,0.0,35
00-0020308,Mike McMahon,-0.1,0.0,14
00-0023502,Charlie Frye,-0.1,0.0,23
00-0024812,Tyler Palko,-0.1,0.0,4
00-0027071,Stephen McGee,-0.1,0.0,1
00-0005741,Rich Gannon,-0.1,0.0,81
00-0028146,Greg McElroy,-0.1,0.0,1
00-0022818,Craig Krenzel,-0.1,0.0,5
00-0011378,Rick Mirer,-0.1,0.0,14
00-0005885,Jeff George,-0.1,0.0,19
00-0001218,Steve Beuerlein,-0.1,0.0,37
00-0020613,Quinn Gray,-0.1,0.0,5
00-0018272,Anthony Wright,-0.1,0.0,20
00-0003535,Tim Couch,-0.1,0.0,58
00-0003315,Todd Collins,-0.1,0.0,5
00-0004229,Koy Detmer,-0.1,0.0,4
00-0013042,Jake Plummer,-0.1,0.0,115
00-0018483,Eric Zeier,-0.1,0.0,1
00-0017200,Kurt Warner,-0.1,0.0,129
00-0021379,Patrick Ramsey,-0.1,0.0,24
00-0018441,Steve Young,-0.1,0.0,3
00-0022026,Brooks Bollinger,-0.1,0.0,10
00-0003292,Kerry Collins,-0.1,0.0,135
00-0001823,Aaron Brooks,-0.1,0.0,91
00-0003761,Randall Cunningham,-0.1,0.0,11
00-0009451,Erik Kramer,-0.1,0.0,4
00-0019559,Chad Pennington,-0.1,0.0,88
00-0000865,Charlie Batch,-0.1,0.0,42
00-0025561,Troy Smith,-0.1,0.0,8
00-0009715,Ryan Leaf,-0.1,0.0,12
00-0036963,,-0.1001,2.0,0
00-0028002,,-0.1002,2.9,0
00-0030465,,-0.1003,1.0,0
00-0027114,,-0.1004,2.0,0
00-0037304,,-0.101,1.0,0
00-0035719,,-0.1012,3.9,0
00-0029857,,-0.1015,4.0,0
00-0025396,,-0.1015,2.0,0
00-0030990,,-0.1016,1.0,0
00-0034928,,-0.1017,1.0,0
00-0029878,,-0.1018,1.0,0
00-0037500,,-0.1018,2.0,0
00-0024204,,-0.1019,1.0,0
00-0029205,,-0.1019,1.0,0
00-0036309,,-0.1021,1.0,0
00-0030525,,-0.1021,1.0,0
00-0026901,,-0.1022,1.0,0
00-0030999,,-0.1023,1.0,0
00-0031326,,-0.1023,1.0,0
00-0040730,,-0.1024,1.0,0
00-0027595,,-0.1024,1.0,0
00-0033949,Joshua Dobbs,-0.1024,503.6,15
00-0033839,,-0.1024,1.0,0
00-0033572,,-0.1024,1.0,0
00-0040128,,-0.1024,1.0,0
00-0032009,,-0.1025,1.0,0
00-0037742,,-0.1026,1.0,0
00-0032257,,-0.1026,1.0,0
00-0024318,,-0.1027,1.0,0
00-0029269,,-0.1027,1.0,0
00-0031076,Jay Cutler,-0.1028,52.7,1
00-0039916,,-0.1029,1.0,0
00-0032208,,-0.1029,1.0,0
00-0036142,,-0.103,1.0,0
00-0039152,Will Levis,-0.1031,533.4,15
00-0041040,,-0.1032,1.0,0
00-0034829,,-0.1032,1.0,0
00-0030496,,-0.1033,1.0,0
00-0030578,,-0.1033,1.0,0
00-0037276,,-0.1033,1.0,0
00-0036613,,-0.1033,1.0,0
00-0026345,,-0.1037,1.0,0
00-0029384,,-0.1038,2.0,0
00-0030085,,-0.1038,2.0,0
00-0036290,,-0.1038,2.0,0
00-0033921,,-0.104,1.0,0
00-0022084,,-0.1041,2.0,0
00-0033681,,-0.1042,1.0,0
00-0038977,,-0.1045,1.0,0
00-0033045,,-0.1046,1.0,0
00-0037740,,-0.1047,2.0,0
00-0039451,,-0.1048,1.0,0
00-0030288,,-0.1049,2.0,0
00-0036145,,-0.1049,1.0,0
00-0027690,,-0.1049,1.0,0
00-0033858,,-0.105,1.0,0
00-0036913,,-0.105,4.8,0
00-0032156,Trevor Siemian,-0.1052,921.1,33
00-0036275,,-0.1054,1.0,0
00-0035350,,-0.1055,1.0,0
00-0038115,,-0.1056,1.0,0
00-0040784,,-0.1056,1.0,0
00-0026516,,-0.1056,1.0,0
00-0031716,,-0.1056,1.0,0
00-0037816,,-0.1056,1.0,0
00-0032065,,-0.1056,1.0,0
00-0039337,,-0.1057,1.0,0
00-0029510,,-0.1057,1.0,0
00-0030142,,-0.1058,2.0,0
00-0036626,,-0.1058,2.9,0
00-0036880,,-0.1058,1.0,0
00-0034521,,-0.106,1.0,0
00-0035700,,-0.1065,1.0,0
00-0033251,,-0.1069,2.0,0
00-0035676,,-0.1069,2.0,0
00-0033923,,-0.1074,1.0,0
00-0038550,,-0.1077,10.8,0
00-0038911,,-0.1079,1.0,0
00-0034052,,-0.1081,1.0,0
00-0035577,Devlin Hodges,-0.1082,172.6,6
00-0023534,,-0.1084,3.9,0
00-0036898,Davis Mills,-0.1085,775.6,30
00-0030506,,-0.1085,3.9,0
00-0026995,,-0.1087,2.0,0
00-0039040,,-0.1088,1.0,0
00-0027816,,-0.109,1.0,0
00-0035639,,-0.1094,1.0,0
00-0036946,,-0.1095,3.0,0
00-0035685,,-0.1101,5.7,0
00-0031387,,-0.1101,1.0,0
00-0040563,,-0.1102,1.0,0
00-0034844,,-0.1103,1.0,0
00-0030151,,-0.1109,5.0,0
00-0034941,,-0.111,2.0,0
00-0031381,,-0.1113,1.0,0
00-0033729,,-0.1116,1.0,0
00-0035510,,-0.1121,1.0,0
00-0039577,,-0.1127,2.0,0
00-0036358,,-0.1129,2.0,0
00-0030547,,-0.1134,2.0,0
00-0034613,,-0.1143,1.0,0
00-0025424,,-0.1147,1.0,0
00-0029143,,-0.1147,1.0,0
00-0035859,,-0.115,1.0,0
00-0033787,,-0.1153,1.0,0
00-0033009,,-0.1154,7.5,0
00-0039054,,-0.1158,1.0,0
00-0031203,,-0.1163,1.0,0
00-0035282,Easton Stick,-0.1168,190.5,4
00-0032399,,-0.1171,1.0,0
00-0031325,,-0.1172,2.0,0
00-0023645,Derek Anderson,-0.1174,218.0,48
00-0031543,,-0.1177,1.0,0
00-0032630,,-0.1182,7.0,0
00-0029597,,-0.1185,1.0,0
00-0028091,,-0.1192,2.0,0
00-0034331,,-0.1197,4.9,0
00-0030279,,-0.1208,6.6,0
00-0033733,,-0.1209,3.9,0
00-0040654,,-0.1212,1.0,0
00-0028664,,-0.1213,1.0,0
00-0029664,,-0.1226,2.0,0
00-0036900,,-0.1229,2.0,0
00-0037239,,-0.1231,1.0,0
00-0025592,,-0.1242,3.0,0
00-0039923,J.J. McCarthy,-0.1246,263.5,10
00-0036825,,-0.1248,1.0,0
00-0035042,,-0.1253,1.0,0
00-0023234,,-0.1257,2.0,0
00-0034162,,-0.1259,2.9,0
00-0027994,,-0.1261,1.0,0
00-0036133,,-0.1261,1.0,0
00-0039376,Spencer Rattler,-0.1264,468.7,12
00-0036226,,-0.127,9.9,0
00-0028872,,-0.1277,20.4,0
00-0035831,,-0.1285,1.0,0
00-0032784,Kevin Hogan,-0.1287,112.1,1
00-0027796,Joe Webb,-0.1288,7.0,4
00-0037240,,-0.1288,1.0,0
00-0035264,Jarrett Stidham,-0.129,251.0,5
00-0034721,,-0.1297,2.0,0
00-0031544,,-0.1323,1.0,0
00-0040676,Cam Ward,-0.1325,561.6,19
00-0032792,Nick Foles,-0.1332,42.5,1
00-0036679,,-0.1333,20.0,0
00-0033040,,-0.1334,1.0,0
00-0036425,,-0.1335,2.0,0
00-0037077,Sam Howell,-0.134,624.4,18
00-0033856,,-0.1341,2.0,0
00-0036928,,-0.1349,10.6,0
00-0030520,Mike Glennon,-0.1354,857.8,31
00-0030564,,-0.1359,4.8,0
00-0033662,Cooper Rush,-0.1367,508.2,17
00-0020245,Michael Vick,-0.1379,349.4,116
00-0037012,Trey Lance,-0.139,210.1,6
00-0032431,,-0.1398,5.0,0
00-0034369,,-0.14,5.0,0
00-0033108,Paxton Lynch,-0.1407,149.9,4
00-0030569,,-0.141,9.0,0
00-0035232,Dwayne Haskins,-0.1412,451.3,13
00-0034253,,-0.1418,1.0,0
00-0026349,Matt Flynn,-0.1421,218.7,7
00-0033098,,-0.1422,12.0,0
00-0031589,Brett Hundley,-0.1444,338.4,9
00-0033893,,-0.145,1.0,0
00-0035939,Bryce Perkins,-0.146,44.8,1
00-0034438,,-0.1467,8.9,0
00-0028957,Austin Davis,-0.1476,382.7,10
00-0028090,T.J. Yates,-0.1477,190.8,11
00-0029151,,-0.1486,45.7,0
00-0033111,,-0.1497,1.0,0
00-0022055,Seneca Wallace,-0.1512,27.5,23
00-0031064,Tom Savage,-0.1518,312.5,8
00-0029531,Ryan Lindley,-0.1519,135.1,7
00-0040704,Dillon Gabriel,-0.1528,194.9,6
00-0037175,Anthony Brown,-0.1548,51.9,1
00-0033908,,-0.1556,5.7,0
00-0041194,,-0.1561,19.0,0
00-0035752,Kyler Murray,-0.1568,48.0,1
00-0038998,Jake Haener,-0.1577,48.1,3
00-0040668,Shedeur Sanders,-0.1588,237.0,7
00-0038476,Tommy DeVito,-0.1615,262.1,11
00-0033899,DeShone Kizer,-0.1615,516.5,16
00-0034899,John Wolford,-0.1632,121.4,4
00-0026993,Josh Freeman,-0.1638,182.1,61
00-0035040,David Blough,-0.1653,248.6,7
00-0038598,Jaren Hall,-0.1675,26.6,2
00-0027134,Curtis Painter,-0.1689,16.7,8
00-0027948,Blaine Gabbert,-0.1689,650.7,50
00-0034177,Tim Boyle,-0.1733,225.6,7
00-0023662,Matt Cassel,-0.1768,541.0,82
00-0027659,Jimmy Clausen,-0.1777,185.4,14
00-0036879,Sam Ehlinger,-0.1804,122.4,4
00-0037013,Zach Wilson,-0.1816,812.6,33
00-0036312,Jake Luton,-0.1829,116.6,3
00-0031568,Bryce Petty,-0.19,255.2,7
00-0035864,Kendall Hinton,-0.1903,11.8,1
00-0032434,Brandon Allen,-0.1905,301.0,10
00-0035146,Trace McSorley,-0.1939,98.1,1
00-0033275,Phillip Walker,-0.1948,318.2,10
00-0028595,Scott Tolzien,-0.1977,149.8,4
00-0038108,Bailey Zappe,-0.1986,336.2,9
00-0035251,Will Grier,-0.2,62.0,2
00-0036197,Jake Fromm,-0.2006,71.0,2
00-0031266,Zach Mettenberger,-0.2006,338.7,9
00-0034955,Brett Rypien,-0.2027,167.1,4
00-0030024,Jeff Tuel,-0.2059,62.6,1
00-0037327,Skylar Thompson,-0.2091,192.7,3
00-0036384,Ben DiNucci,-0.2096,49.9,1
00-0032245,Sean Mannion,-0.2133,111.4,3
00-0037324,Chris Oladokun,-0.2176,66.5,2
00-0032893,Connor Cook,-0.2277,71.5,1
00-0040398,Brady Cook,-0.2535,172.4,2
00-0036929,Ian Book,-0.255,30.0,1
00-0033958,Nathan Peterman,-0.274,165.3,5
00-0035652,Ryan Finley,-0.2828,135.7,4
00-0040494,Max Brosmer,-0.2883,83.4,2
00-0034412,Luke Falk,-0.2952,88.4,2
00-0038583,Dorian Thompson-Robinson,-0.2972,227.2,3
00-0034343,Josh Rosen,-0.3071,468.5,16
00-0038582,Clayton Tune,-0.3273,54.9,2
