week,team,elo,off_epa,off_pass_epa,def_epa,def_pass_epa,off_pts,def_pts,st_pts,qb_epa
1,ARI,1395.7,-0.009,0.0251,0.0913,0.1838,-0.7387,6.179,-2.382,-0.0142
1,ATL,1475.4,-0.0089,0.0383,0.0042,0.0302,-0.2283,0.3776,-0.8864,0.0591
1,BAL,1545.8,0.0567,0.085,0.0026,0.0711,3.3277,0.0835,-0.6941,0.1519
1,BUF,1606.8,0.1077,0.1582,-0.01,-0.018,7.0191,-0.133,-1.2596,0.179
1,CAR,1434.1,-0.0348,0.0131,0.0568,0.1063,-1.4335,3.526,0.2008,-0.0679
1,CHI,1532.9,0.0511,0.0916,0.0386,0.091,3.5155,3.095,1.3814,0.0393
1,CIN,1483.0,0.0323,0.0403,0.0567,0.0914,2.2422,3.7806,0.8444,0.1204
1,CLE,1426.4,-0.1455,-0.1648,-0.0604,-0.102,-8.6001,-3.9417,-0.6257,-0.1588
1,DAL,1460.3,0.0557,0.1041,0.1233,0.1988,4.1197,7.5465,-0.0934,0.1267
1,DEN,1610.7,-0.0046,0.0419,-0.0526,-0.0457,0.288,-2.6897,-0.0642,-0.129
1,DET,1557.2,0.0383,0.1208,0.0183,0.0283,2.6917,1.2599,0.0453,0.1424
1,GB,1528.5,0.0738,0.1676,0.0387,0.1126,4.7395,3.3256,-1.6422,0.1636
1,HOU,1607.9,-0.0317,0.0247,-0.1192,-0.0964,-2.236,-7.0589,1.7903,0.037
1,IND,1470.6,0.0144,0.0365,0.0259,0.0942,0.7835,1.768,-0.6468,-0.0791
1,JAX,1572.6,0.0435,0.1252,-0.0573,-0.0592,2.6618,-3.1355,1.421,0.0461
1,KC,1492.4,-0.0384,-0.0254,-0.0287,0.0333,-1.5229,-1.106,-0.2206,-0.2176
1,LV,1353.4,-0.1634,-0.1211,0.0007,0.0911,-9.1511,0.5455,-1.3669,-0.0843
1,LAC,1529.4,-0.0502,-0.0044,-0.0679,-0.0238,-2.9512,-3.7669,-0.5771,0.0705
1,LA,1610.5,0.1088,0.1617,-0.0042,0.0602,7.5362,-0.4561,-1.0458,0.1294
1,MIA,1460.9,-0.0264,0.0045,0.0564,0.1319,-1.4334,3.4378,1.0232,-0.0651
1,MIN,1553.7,-0.0732,-0.0922,-0.1001,-0.1114,-3.5378,-5.6429,0.3318,-0.1246
1,NE,1600.1,0.0356,0.1159,-0.0878,-0.0816,1.8867,-5.4383,-0.6516,0.1187
1,NO,1441.9,-0.0425,0.0094,-0.0659,-0.0191,-2.9523,-4.0933,-2.718,-0.0052
1,NYG,1428.2,0.0299,0.0642,0.0444,0.0549,2.2744,2.9637,-0.5335,0.0278
1,NYJ,1365.4,-0.1226,-0.1367,0.1316,0.2693,-7.0277,8.4232,2.2493,-0.2535
1,PHI,1559.5,0.0204,0.0873,-0.044,-0.0086,1.2432,-2.3812,-0.1794,0.1065
1,PIT,1513.4,-0.0377,-0.0336,0.0141,0.0571,-1.6921,1.0303,0.1775,0.0713
1,SF,1560.1,0.0217,0.0792,0.0616,0.1119,2.248,3.8326,1.7199,0.1718
1,SEA,1675.9,0.047,0.1272,-0.1233,-0.1025,2.4016,-6.7145,2.0954,0.0376
1,TB,1481.7,0.008,0.0717,0.0233,0.0889,0.3227,1.2517,-0.5908,0.0834
1,TEN,1361.8,-0.103,-0.1104,0.0772,0.1563,-6.0156,4.6578,0.8288,-0.1402
1,WAS,1463.7,0.0261,0.0839,0.1194,0.1886,1.6755,8.1256,1.2483,0.0233
2,ARI,1437.0,0.0137,0.0617,0.0501,0.1385,0.9103,3.709,-1.9128,-0.0064
2,ATL,1460.2,-0.0616,-0.0652,-0.0347,-0.0131,-3.4449,-2.1684,-1.1924,-0.1172
2,BAL,1572.6,0.0784,0.1181,-0.0319,-0.0033,4.7722,-1.7694,-0.5059,0.1571
2,BUF,1627.7,0.1308,0.2142,0.0024,-0.0003,8.1416,0.733,-1.022,0.1844
2,CAR,1407.9,-0.0092,0.0474,0.1013,0.171,0.1442,6.9918,-0.8763,-0.0518
2,CHI,1559.1,0.0963,0.1584,0.0513,0.1117,6.9639,3.883,2.1797,0.0588
2,CIN,1499.3,0.0268,0.0287,0.0344,0.0499,1.8637,2.4297,0.7583,0.1169
2,CLE,1411.9,-0.1513,-0.175,-0.0029,0.0267,-8.691,-0.7157,-0.054,0.0477
2,DAL,1439.5,0.087,0.1503,0.1569,0.2653,5.7845,9.8635,-0.3418,0.1297
2,DEN,1572.4,-0.0604,-0.0315,-0.0258,-0.0399,-2.5923,-1.0561,-0.0038,0.0679
2,DET,1560.8,0.0275,0.1016,0.018,0.0312,1.9048,1.2953,0.4078,0.1419
2,GB,1506.4,0.0337,0.1297,0.0428,0.1282,2.0597,3.4165,-1.2898,0.1549
2,HOU,1587.0,-0.0156,0.0351,-0.0571,0.0034,-1.0073,-3.5102,1.4612,0.0386
2,IND,1443.8,-0.0222,-0.032,0.0531,0.1257,-1.1935,3.4862,-0.6013,-0.0004
2,JAX,1587.2,0.0827,0.2137,-0.0784,-0.0877,4.7229,-4.1735,0.7149,0.0567
2,KC,1530.7,-0.0138,-0.0231,-0.0809,-0.0394,-0.0751,-3.7743,-0.232,0.1745
2,LV,1385.9,-0.1393,-0.0959,-0.0362,0.0474,-7.8381,-1.5699,-0.1927,0.058
2,LAC,1488.0,-0.0666,-0.0168,-0.0351,0.0211,-3.8222,-1.6039,-0.5303,0.0653
2,LA,1574.9,0.0565,0.0937,0.0249,0.0837,4.2263,1.4654,-0.7552,0.1245
2,MIA,1428.4,-0.0585,-0.0241,0.0422,0.113,-3.2034,2.5543,-0.0909,0.0078
2,MIN,1575.9,-0.0496,-0.0409,-0.1102,-0.1009,-2.2493,-6.5287,0.2057,0.0582
2,NE,1591.5,0.0158,0.1151,-0.0686,-0.0385,0.5901,-4.3009,-0.5825,0.116
2,NO,1438.3,-0.0322,0.0156,-0.0585,-0.0139,-2.1819,-3.6968,-2.6144,-0.0068
2,NYG,1449.0,0.0798,0.1542,0.0778,0.1097,5.5114,4.8303,-0.1757,0.0658
2,NYJ,1395.7,-0.082,-0.0616,0.0872,0.1992,-4.5734,5.8833,3.1683,-0.0085
2,PHI,1565.8,0.021,0.0926,-0.0275,0.0129,1.2452,-1.3498,-0.0107,0.1074
2,PIT,1528.5,-0.0691,-0.0656,-0.0422,-0.049,-3.8624,-2.383,0.6043,0.0654
2,SF,1595.8,0.0465,0.0996,0.0172,0.0522,3.714,1.1428,1.3114,0.1722
2,SEA,1684.6,0.0432,0.1346,-0.1159,-0.0659,2.1987,-6.5409,1.7783,0.0359
2,TB,1465.4,-0.0058,0.0337,0.0194,0.0688,-0.4244,1.0461,-0.5489,0.0772
2,TEN,1331.5,-0.1065,-0.1142,0.0829,0.1802,-6.0361,5.0731,-0.6273,-0.1392
2,WAS,1457.4,0.0305,0.0895,0.1027,0.1763,2.0066,6.9284,0.8923,0.1058
