team_id,team_name,abbr,conference,division,wins,losses,ties,games_played,win_pct,point_diff_per_game,elo,off_epa,off_pass_epa,def_epa,def_pass_epa,off_pts,def_pts,st_pts,qb_id,qb_name,qb_epa,prev_season_win_pct,prev_season_point_diff_per_game,win_pct_last5,point_diff_last5
22,Arizona Cardinals,ARI,NFC,NFC West,1,2,0,3,0.333,-6.0,1415.6,-0.0043,0.0478,0.1135,0.2816,0.6327,7.0593,-1.116,00-0033119,Jacoby Brissett,-0.0048,0.176,-7.82,0.281,-6.0
1,Atlanta Falcons,ATL,NFC,NFC South,1,2,0,3,0.333,-5.67,1460.5,-0.0577,-0.0759,-0.0167,0.0356,-3.41,-1.0218,-1.2229,00-0039917,Michael Penix Jr.,0.0404,0.471,-2.82,0.389,-5.67
33,Baltimore Ravens,BAL,AFC,AFC North,2,1,0,3,0.667,4.67,1549.6,0.0936,0.1755,0.009,0.0496,5.7301,0.974,-1.0351,00-0034796,Lamar Jackson,0.1606,0.471,1.53,0.67,4.67
2,Buffalo Bills,BUF,AFC,AFC East,3,0,0,3,1.0,7.67,1651.1,0.1366,0.1916,0.0265,0.0431,8.9386,2.1017,0.0794,00-0034857,Josh Allen,0.1885,0.706,6.82,1.0,7.67
29,Carolina Panthers,CAR,NFC,NFC South,1,2,0,3,0.333,2.0,1441.8,-0.0158,0.0555,0.0145,0.0628,-0.6443,1.0038,0.8115,00-0039150,Bryce Young,-0.0437,0.471,-4.06,0.33,2.0
3,Chicago Bears,CHI,NFC,NFC North,2,1,0,3,0.667,12.0,1566.8,0.0699,0.1432,-0.0087,0.0078,4.999,0.4821,1.4876,00-0028986,Case Keenum,-0.0311,0.647,1.53,0.67,12.0
4,Cincinnati Bengals,CIN,AFC,AFC North,2,1,0,3,0.667,5.67,1525.9,0.0409,0.0647,0.0213,0.0518,2.5418,0.9653,0.9884,00-0036442,Joe Burrow,0.1193,0.353,-4.59,0.611,5.67
5,Cleveland Browns,CLE,AFC,AFC North,3,1,0,4,0.75,-3.5,1461.3,-0.0738,-0.0087,-0.0189,-0.0073,-4.1655,-1.5879,-0.4248,00-0033537,Deshaun Watson,0.0601,0.294,-5.88,0.807,-3.5
6,Dallas Cowboys,DAL,NFC,NFC East,1,2,0,3,0.333,2.0,1454.9,0.1049,0.1863,0.1411,0.282,6.7712,8.9316,0.3804,00-0033077,Dak Prescott,0.1382,0.441,-2.35,0.33,2.0
7,Denver Broncos,DEN,AFC,AFC West,2,1,0,3,0.667,-3.33,1604.5,-0.023,0.0214,-0.0242,-0.0402,-0.6251,-1.1035,-0.0872,00-0039732,Bo Nix,0.0692,0.824,5.29,0.719,-3.33
8,Detroit Lions,DET,NFC,NFC North,2,1,0,3,0.667,-0.67,1554.1,0.0798,0.1749,0.0795,0.1158,5.2179,5.5904,0.7102,00-0033106,Jared Goff,0.1504,0.529,4.0,0.67,-0.67
9,Green Bay Packers,GB,NFC,NFC North,1,2,0,3,0.333,-11.67,1470.6,0.0101,0.111,0.0636,0.1593,0.6744,4.6744,-0.494,00-0036264,Jordan Love,0.144,0.559,1.82,0.33,-11.67
34,Houston Texans,HOU,AFC,AFC South,0,3,0,3,0.0,-7.0,1534.0,-0.0503,0.0133,-0.0682,-0.0165,-3.54,-4.3088,-0.6474,00-0039163,C.J. Stroud,0.032,0.706,6.41,0.0,-7.0
11,Indianapolis Colts,IND,AFC,AFC South,1,2,0,3,0.333,-6.33,1449.0,-0.0061,-0.0132,0.0502,0.1205,-0.3116,3.7616,0.8276,00-0035710,Daniel Jones,-0.0015,0.471,3.18,0.389,-6.33
30,Jacksonville Jaguars,JAX,AFC,AFC South,2,1,0,3,0.667,15.33,1602.0,0.0786,0.1619,-0.0738,-0.0682,4.574,-4.1684,0.7182,00-0036971,Trevor Lawrence,0.0559,0.765,8.12,0.67,15.33
12,Kansas City Chiefs,KC,AFC,AFC West,3,0,0,3,1.0,12.67,1559.5,0.0374,0.0841,-0.0492,-0.0014,3.0567,-2.275,-0.5821,00-0033873,Patrick Mahomes,0.1799,0.353,2.0,1.0,12.67
13,Las Vegas Raiders,LV,AFC,AFC West,3,0,0,3,1.0,11.33,1453.8,-0.0911,-0.0003,-0.0712,0.0094,-4.9441,-4.2285,0.3221,00-0029604,Kirk Cousins,0.0631,0.176,-11.24,1.0,11.33
24,Los Angeles Chargers,LAC,AFC,AFC West,0,3,0,3,0.0,-10.67,1441.4,-0.0918,-0.0363,-0.0452,0.0204,-5.7122,-2.3962,-1.7939,00-0036355,Justin Herbert,0.0584,0.647,1.65,0.0,-10.67
14,Los Angeles Rams,LA,NFC,NFC West,1,2,0,3,0.333,-0.67,1576.9,0.0689,0.1292,-0.0228,0.0133,4.6698,-1.2671,-1.2061,00-0026498,Matthew Stafford,0.1275,0.706,10.12,0.33,-0.67
15,Miami Dolphins,MIA,AFC,AFC East,0,3,0,3,0.0,-16.67,1395.0,-0.0598,-0.0003,0.0992,0.2599,-3.587,5.3203,-0.32,00-0038128,Malik Willis,0.0139,0.412,-4.53,0.0,-16.67
16,Minnesota Vikings,MIN,NFC,NFC North,3,0,0,3,1.0,10.0,1611.4,-0.0831,-0.0699,-0.1339,-0.1115,-4.3596,-8.5457,1.3887,00-0035228,Kyler Murray,0.0507,0.529,0.65,1.0,10.0
17,New England Patriots,NE,AFC,AFC East,1,2,0,3,0.333,-5.0,1577.2,-0.0261,0.0322,-0.0609,-0.0528,-1.8896,-4.1384,-0.62,00-0039851,Drake Maye,0.0977,0.824,10.0,0.33,-5.0
18,New Orleans Saints,NO,NFC,NFC South,1,2,0,3,0.333,-0.67,1442.8,-0.0162,0.0227,-0.0103,0.0395,-1.1645,-0.6269,-0.8571,00-0040743,Tyler Shough,0.0068,0.353,-4.53,0.33,-0.67
19,New York Giants,NYG,NFC,NFC East,2,1,0,3,0.667,-3.0,1443.0,-0.0087,0.0363,0.0651,0.1152,0.026,3.9624,2.0958,00-0031503,Jameis Winston,0.0436,0.235,-3.41,0.67,-3.0
20,New York Jets,NYJ,AFC,AFC East,1,2,0,3,0.333,1.0,1375.9,-0.0546,0.004,0.071,0.1909,-3.0822,4.8193,1.044,00-0030565,Geno Smith,0.0003,0.176,-11.94,0.281,1.0
21,Philadelphia Eagles,PHI,NFC,NFC East,2,1,0,3,0.667,-4.67,1544.1,-0.017,0.0127,0.0032,0.0471,-0.5848,0.5493,0.3969,00-0036389,Jalen Hurts,0.0998,0.647,3.18,0.611,-4.67
23,Pittsburgh Steelers,PIT,AFC,AFC North,2,2,0,4,0.5,-2.5,1507.3,-0.038,-0.0408,0.016,0.0452,-2.2917,1.0209,-0.1362,00-0023459,Aaron Rodgers,0.0556,0.588,0.59,0.459,-2.5
25,San Francisco 49ers,SF,NFC,NFC West,3,0,0,3,1.0,16.0,1615.9,0.1382,0.29,0.0299,0.0845,8.0776,2.3569,0.2367,00-0037834,Brock Purdy,0.2037,0.706,3.88,1.0,16.0
26,Seattle Seahawks,SEA,NFC,NFC West,2,1,0,3,0.667,8.33,1679.7,0.0447,0.1874,-0.119,-0.0508,2.5503,-6.5306,1.92,00-0035704,Drew Lock,-0.0273,0.824,11.24,0.611,8.33
27,Tampa Bay Buccaneers,TB,NFC,NFC South,0,3,0,3,0.0,-5.67,1429.7,-0.0672,-0.05,-0.0233,0.0473,-4.5608,-1.4538,-0.8552,00-0034855,Baker Mayfield,0.0627,0.471,-1.82,0.0,-5.67
10,Tennessee Titans,TEN,AFC,AFC South,0,3,0,3,0.0,-7.33,1314.3,-0.0895,-0.0996,0.0443,0.1293,-5.1547,2.7479,-2.2738,00-0040676,Cam Ward,-0.1347,0.176,-11.41,0.0,-7.33
28,Washington Commanders,WAS,NFC,NFC East,1,2,0,3,0.333,-5.67,1450.4,0.0222,0.0976,0.0971,0.2013,1.4786,6.2074,-0.0955,00-0039910,Jayden Daniels,0.1086,0.294,-5.59,0.389,-5.67
