season,winner_id,loser_id,w_win_pct,l_win_pct,w_off_rtg,l_off_rtg,w_def_rtg,l_def_rtg,w_net_rtg,l_net_rtg,w_pace,l_pace,w_pie,l_pie
2015-16,1610612737,1610612738,0.585,0.585,104.6,105.8,100.8,102.5,3.9,3.3,97.63,99.43,0.528,0.52
2015-16,1610612739,1610612737,0.695,0.585,110.2,104.6,103.9,100.8,6.3,3.9,93.82,97.63,0.528,0.528
2015-16,1610612739,1610612744,0.695,0.89,110.2,113.5,103.9,102.8,6.3,10.6,93.82,100.24,0.528,0.567
2015-16,1610612739,1610612761,0.695,0.683,110.2,109.3,103.9,104.8,6.3,4.4,93.82,93.35,0.528,0.525
2015-16,1610612739,1610612765,0.695,0.537,110.2,105.3,103.9,104.9,6.3,0.3,93.82,95.75,0.528,0.486
2015-16,1610612760,1610612742,0.671,0.512,112.1,105.5,104.8,105.9,7.4,-0.4,97.54,95.34,0.546,0.503
2015-16,1610612744,1610612745,0.89,0.5,113.5,107.3,102.8,107.3,10.6,0.0,100.24,98.42,0.567,0.49
2015-16,1610612744,1610612757,0.89,0.537,113.5,107.6,102.8,106.8,10.6,0.8,100.24,97.06,0.567,0.493
2015-16,1610612744,1610612760,0.89,0.671,113.5,112.1,102.8,104.8,10.6,7.4,100.24,97.54,0.567,0.546
2015-16,1610612757,1610612746,0.537,0.646,107.6,107.2,106.8,102.7,0.8,4.5,97.06,96.81,0.493,0.533
2015-16,1610612761,1610612748,0.683,0.585,109.3,105.5,104.8,103.7,4.4,1.7,93.35,94.14,0.525,0.525
2015-16,1610612748,1610612766,0.585,0.585,105.5,106.4,103.7,103.7,1.7,2.7,94.14,96.24,0.525,0.511
2015-16,1610612761,1610612754,0.683,0.549,109.3,103.8,104.8,102.2,4.4,1.6,93.35,97.35,0.525,0.518
2015-16,1610612760,1610612759,0.671,0.817,112.1,109.3,104.8,98.2,7.4,11.1,97.54,94.54,0.546,0.578
2015-16,1610612759,1610612763,0.817,0.512,109.3,104.7,98.2,107.1,11.1,-2.4,94.54,93.95,0.578,0.483
2016-17,1610612764,1610612737,0.598,0.524,110.4,104.5,108.8,105.2,1.7,-0.7,97.94,97.76,0.511,0.506
2016-17,1610612739,1610612738,0.622,0.646,112.8,110.6,109.7,108.0,3.1,2.6,96.74,97.21,0.51,0.514
2016-17,1610612738,1610612741,0.646,0.5,110.6,106.5,108.0,106.2,2.6,0.3,97.21,96.02,0.514,0.504
2016-17,1610612738,1610612764,0.646,0.598,110.6,110.4,108.0,108.8,2.6,1.7,97.21,97.94,0.514,0.511
2016-17,1610612744,1610612739,0.817,0.622,114.8,112.8,103.4,109.7,11.4,3.1,100.37,96.74,0.579,0.51
2016-17,1610612739,1610612754,0.622,0.512,112.8,107.9,109.7,108.1,3.1,-0.2,96.74,96.59,0.51,0.505
2016-17,1610612739,1610612761,0.622,0.622,112.8,111.4,109.7,107.1,3.1,4.3,96.74,95.41,0.51,0.516
2016-17,1610612744,1610612757,0.817,0.5,114.8,109.4,103.4,110.0,11.4,-0.6,100.37,97.38,0.579,0.493
2016-17,1610612744,1610612759,0.817,0.744,114.8,110.3,103.4,102.9,11.4,7.4,100.37,94.86,0.579,0.551
2016-17,1610612744,1610612762,0.817,0.622,114.8,109.0,103.4,104.7,11.4,4.3,100.37,92.09,0.579,0.534
2016-17,1610612759,1610612745,0.744,0.671,110.3,114.1,102.9,108.4,7.4,5.7,94.86,100.55,0.551,0.516
2016-17,1610612745,1610612760,0.671,0.573,114.1,107.9,108.4,107.1,5.7,0.8,100.55,98.18,0.516,0.499
2016-17,1610612762,1610612746,0.622,0.622,109.0,111.8,104.7,107.5,4.3,4.4,92.09,96.77,0.534,0.527
2016-17,1610612761,1610612749,0.622,0.512,111.4,108.5,107.1,108.7,4.3,-0.2,95.41,94.99,0.516,0.504
2016-17,1610612759,1610612763,0.744,0.524,110.3,107.0,102.9,106.5,7.4,0.5,94.86,92.84,0.551,0.501
2017-18,1610612739,1610612738,0.61,0.671,112.0,106.8,111.1,103.2,1.0,3.6,98.72,96.75,0.502,0.519
2017-18,1610612738,1610612749,0.671,0.537,106.8,109.0,103.2,109.1,3.6,-0.2,96.75,97.03,0.519,0.502
2017-18,1610612738,1610612755,0.671,0.634,106.8,108.5,103.2,103.9,3.6,4.6,96.75,100.75,0.519,0.542
2017-18,1610612744,1610612739,0.707,0.61,112.8,112.0,106.8,111.1,5.9,1.0,100.35,98.72,0.554,0.502
2017-18,1610612739,1610612754,0.61,0.585,112.0,108.5,111.1,107.3,1.0,1.3,98.72,96.84,0.502,0.509
2017-18,1610612739,1610612761,0.61,0.72,112.0,113.0,111.1,105.3,1.0,7.7,98.72,98.02,0.502,0.538
2017-18,1610612744,1610612740,0.707,0.585,112.8,108.5,106.8,107.4,5.9,1.1,100.35,101.48,0.554,0.525
2017-18,1610612740,1610612757,0.585,0.598,108.5,108.4,107.4,105.7,1.1,2.7,101.48,97.11,0.525,0.51
2017-18,1610612744,1610612745,0.707,0.793,112.8,114.1,106.8,105.7,5.9,8.4,100.35,98.02,0.554,0.531
2017-18,1610612744,1610612759,0.707,0.573,112.8,107.1,106.8,104.1,5.9,3.0,100.35,95.7,0.554,0.525
2017-18,1610612745,1610612750,0.793,0.573,114.1,112.5,105.7,110.2,8.4,2.3,98.02,96.75,0.531,0.518
2017-18,1610612745,1610612762,0.793,0.585,114.1,107.4,105.7,103.0,8.4,4.4,98.02,96.58,0.531,0.532
2017-18,1610612755,1610612748,0.634,0.537,108.5,106.2,103.9,105.8,4.6,0.4,100.75,96.1,0.542,0.505
2017-18,1610612762,1610612760,0.585,0.585,107.4,110.1,103.0,106.4,4.4,3.7,96.58,97.34,0.532,0.508
2017-18,1610612761,1610612764,0.72,0.524,113.0,108.1,105.3,107.7,7.7,0.4,98.02,97.67,0.538,0.509
2018-19,1610612749,1610612738,0.732,0.598,113.5,111.3,104.9,107.0,8.6,4.3,103.57,100.43,0.553,0.53
2018-19,1610612738,1610612754,0.598,0.585,111.3,109.4,107.0,106.0,4.3,3.4,100.43,98.64,0.53,0.527
2018-19,1610612757,1610612743,0.646,0.659,113.7,112.1,109.5,108.1,4.2,4.0,99.96,98.49,0.521,0.524
2018-19,1610612743,1610612759,0.659,0.585,112.1,112.2,108.1,110.6,4.0,1.6,98.49,98.88,0.524,0.516
2018-19,1610612744,1610612745,0.695,0.646,115.0,114.9,108.6,110.1,6.5,4.8,101.74,98.39,0.546,0.498
2018-19,1610612744,1610612746,0.695,0.585,115.0,111.4,108.6,110.4,6.5,1.0,101.74,102.66,0.546,0.505
2018-19,1610612744,1610612757,0.695,0.646,115.0,113.7,108.6,109.5,6.5,4.2,101.74,99.96,0.546,0.521
2018-19,1610612761,1610612744,0.707,0.695,112.6,115.0,106.8,108.6,5.8,6.5,100.51,101.74,0.533,0.546
2018-19,1610612745,1610612762,0.646,0.61,114.9,110.3,110.1,105.3,4.8,5.0,98.39,100.84,0.498,0.539
2018-19,1610612761,1610612749,0.707,0.732,112.6,113.5,106.8,104.9,5.8,8.6,100.51,103.57,0.533,0.553
2018-19,1610612749,1610612765,0.732,0.5,113.5,108.4,104.9,108.7,8.6,-0.3,103.57,97.88,0.553,0.482
2018-19,1610612755,1610612751,0.622,0.512,111.6,108.9,109.0,109.0,2.6,-0.1,102.59,101.52,0.529,0.492
2018-19,1610612761,1610612753,0.707,0.512,112.6,108.2,106.8,107.6,5.8,0.6,100.51,98.65,0.533,0.508
2018-19,1610612761,1610612755,0.707,0.622,112.6,111.6,106.8,109.0,5.8,2.6,100.51,102.59,0.533,0.529
2018-19,1610612757,1610612760,0.646,0.598,113.7,109.8,109.5,106.5,4.2,3.4,99.96,103.38,0.521,0.506
2019-20,1610612748,1610612738,0.603,0.667,111.9,112.8,109.3,106.5,2.7,6.3,98.7,99.92,0.525,0.531
2019-20,1610612738,1610612755,0.667,0.589,112.8,110.7,106.5,108.4,6.3,2.3,99.92,99.59,0.531,0.523
2019-20,1610612738,1610612761,0.667,0.736,112.8,110.8,106.5,104.7,6.3,6.1,99.92,101.19,0.531,0.53
2019-20,1610612746,1610612742,0.681,0.573,113.3,115.9,106.9,111.2,6.3,4.8,102.16,99.89,0.532,0.521
2019-20,1610612743,1610612746,0.63,0.681,112.6,113.3,110.4,106.9,2.2,6.3,97.64,102.16,0.517,0.532
2019-20,1610612747,1610612743,0.732,0.63,111.7,112.6,106.1,110.4,5.6,2.2,101.2,97.64,0.539,0.517
2019-20,1610612743,1610612762,0.63,0.611,112.6,111.8,110.4,109.3,2.2,2.5,97.64,99.15,0.517,0.513
2019-20,1610612747,1610612745,0.732,0.611,111.7,112.5,106.1,109.8,5.6,2.7,101.2,104.04,0.539,0.494
2019-20,1610612745,1610612760,0.611,0.611,112.5,110.1,109.8,108.1,2.7,2.1,104.04,99.42,0.494,0.519
2019-20,1610612747,1610612748,0.732,0.603,111.7,111.9,106.1,109.3,5.6,2.7,101.2,98.7,0.539,0.525
2019-20,1610612747,1610612757,0.732,0.473,111.7,113.2,106.1,114.3,5.6,-1.1,101.2,101.17,0.539,0.486
2019-20,1610612748,1610612749,0.603,0.767,111.9,111.9,109.3,102.5,2.7,9.4,98.7,105.51,0.525,0.562
2019-20,1610612748,1610612754,0.603,0.616,111.9,109.5,109.3,107.5,2.7,1.9,98.7,99.41,0.525,0.52
2019-20,1610612749,1610612753,0.767,0.452,111.9,107.9,102.5,109.2,9.4,-1.3,105.51,98.99,0.562,0.496
2019-20,1610612761,1610612751,0.736,0.486,110.8,108.7,104.7,109.2,6.1,-0.5,101.19,101.7,0.53,0.5
2020-21,1610612749,1610612737,0.639,0.569,116.5,114.3,110.7,112.1,5.8,2.2,102.85,98.68,0.533,0.511
2020-21,1610612737,1610612752,0.569,0.569,114.3,110.2,112.1,107.8,2.2,2.4,98.68,96.32,0.511,0.502
2020-21,1610612737,1610612755,0.569,0.681,114.3,112.5,112.1,107.0,2.2,5.5,98.68,100.12,0.511,0.536
2020-21,1610612751,1610612738,0.667,0.5,117.3,113.1,113.1,111.8,4.2,1.2,100.27,98.94,0.532,0.501
2020-21,1610612746,1610612742,0.653,0.583,116.7,114.6,110.6,112.3,6.1,2.3,97.63,97.94,0.53,0.51
2020-21,1610612756,1610612743,0.708,0.653,116.3,116.3,110.4,111.5,5.9,4.8,98.0,97.74,0.534,0.525
2020-21,1610612743,1610612757,0.653,0.583,116.3,117.1,111.5,115.3,4.8,1.8,97.74,98.97,0.525,0.493
2020-21,1610612756,1610612746,0.708,0.653,116.3,116.7,110.4,110.6,5.9,6.1,98.0,97.63,0.534,0.53
2020-21,1610612746,1610612762,0.653,0.722,116.7,116.5,110.6,107.5,6.1,9.0,97.63,99.37,0.53,0.542
2020-21,1610612756,1610612747,0.708,0.583,116.3,109.8,110.4,106.8,5.9,2.9,98.0,98.85,0.534,0.517
2020-21,1610612749,1610612748,0.639,0.556,116.5,110.6,110.7,110.7,5.8,-0.1,102.85,97.09,0.533,0.509
2020-21,1610612749,1610612751,0.639,0.667,116.5,117.3,110.7,113.1,5.8,4.2,102.85,100.27,0.533,0.532
2020-21,1610612749,1610612756,0.639,0.708,116.5,116.3,110.7,110.4,5.8,5.9,102.85,98.0,0.533,0.534
2020-21,1610612755,1610612764,0.681,0.472,112.5,110.7,107.0,112.3,5.5,-1.6,100.12,104.67,0.536,0.496
2020-21,1610612762,1610612763,0.722,0.528,116.5,111.7,107.5,110.5,9.0,1.2,99.37,100.77,0.542,0.511
2021-22,1610612748,1610612737,0.646,0.524,113.0,115.4,108.4,113.7,4.5,1.6,96.53,98.67,0.529,0.509
2021-22,1610612744,1610612738,0.646,0.622,112.1,113.6,106.6,106.2,5.5,7.4,98.74,97.26,0.536,0.547
2021-22,1610612738,1610612748,0.622,0.646,113.6,113.0,106.2,108.4,7.4,4.5,97.26,96.53,0.547,0.529
2021-22,1610612738,1610612749,0.622,0.622,113.6,114.3,106.2,111.1,7.4,3.2,97.26,100.59,0.547,0.516
2021-22,1610612738,1610612751,0.622,0.537,113.6,113.2,106.2,112.3,7.4,0.9,97.26,99.4,0.547,0.512
2021-22,1610612756,1610612740,0.78,0.439,114.2,111.2,106.8,112.0,7.5,-0.8,100.26,98.02,0.548,0.5
2021-22,1610612749,1610612741,0.622,0.561,114.3,112.7,111.1,113.2,3.2,-0.5,100.59,98.76,0.516,0.496
2021-22,1610612744,1610612742,0.646,0.634,112.1,112.5,106.6,109.1,5.5,3.5,98.74,95.64,0.536,0.511
2021-22,1610612742,1610612756,0.634,0.78,112.5,114.2,109.1,106.8,3.5,7.5,95.64,100.26,0.511,0.548
2021-22,1610612742,1610612762,0.634,0.598,112.5,116.2,109.1,110.0,3.5,6.2,95.64,97.5,0.511,0.528
2021-22,1610612744,1610612743,0.646,0.585,112.1,113.8,106.6,111.5,5.5,2.3,98.74,98.41,0.536,0.516
2021-22,1610612744,1610612763,0.646,0.683,112.1,114.3,106.6,108.9,5.5,5.3,98.74,100.52,0.536,0.53
2021-22,1610612748,1610612755,0.646,0.622,113.0,113.0,108.4,110.2,4.5,2.8,96.53,96.71,0.529,0.517
2021-22,1610612763,1610612750,0.683,0.561,114.3,113.8,108.9,111.0,5.3,2.7,100.52,101.47,0.53,0.504
2021-22,1610612755,1610612761,0.622,0.585,113.0,112.1,110.2,109.9,2.8,2.2,96.71,96.63,0.517,0.494
2022-23,1610612738,1610612737,0.695,0.5,117.3,115.5,110.6,115.4,6.7,0.1,99.15,101.56,0.534,0.5
2022-23,1610612748,1610612738,0.537,0.695,112.3,117.3,112.8,110.6,-0.5,6.7,96.76,99.15,0.496,0.534
2022-23,1610612738,1610612755,0.695,0.659,117.3,117.0,110.6,112.7,6.7,4.4,99.15,97.44,0.534,0.524
2022-23,1610612752,1610612739,0.573,0.622,117.0,115.5,114.2,109.9,2.8,5.6,97.75,96.27,0.509,0.531
2022-23,1610612743,1610612747,0.646,0.524,116.8,113.9,113.5,113.2,3.3,0.7,98.74,101.92,0.525,0.511
2022-23,1610612743,1610612748,0.646,0.537,116.8,112.3,113.5,112.8,3.3,-0.5,98.74,96.76,0.525,0.496
2022-23,1610612743,1610612750,0.646,0.512,116.8,113.3,113.5,113.1,3.3,0.2,98.74,101.55,0.525,0.503
2022-23,1610612743,1610612756,0.646,0.549,116.8,114.5,113.5,112.3,3.3,2.2,98.74,98.83,0.525,0.514
2022-23,1610612747,1610612744,0.524,0.537,113.9,115.1,113.2,113.4,0.7,1.7,101.92,102.54,0.511,0.51
2022-23,1610612744,1610612758,0.537,0.585,115.1,118.6,113.4,116.0,1.7,2.6,102.54,100.99,0.51,0.511
2022-23,1610612756,1610612746,0.549,0.537,114.5,114.0,112.3,113.6,2.2,0.5,98.83,98.84,0.514,0.498
2022-23,1610612747,1610612763,0.524,0.622,113.9,114.7,113.2,110.7,0.7,4.0,101.92,101.5,0.511,0.519
2022-23,1610612748,1610612749,0.537,0.707,112.3,114.3,112.8,110.9,-0.5,3.4,96.76,101.45,0.496,0.523
2022-23,1610612748,1610612752,0.537,0.573,112.3,117.0,112.8,114.2,-0.5,2.8,96.76,97.75,0.496,0.509
2022-23,1610612755,1610612751,0.659,0.549,117.0,114.6,112.7,113.5,4.4,1.1,97.44,98.77,0.524,0.51
2023-24,1610612738,1610612739,0.78,0.585,122.2,114.7,110.6,112.1,11.7,2.5,97.98,97.62,0.555,0.519
2023-24,1610612738,1610612742,0.78,0.61,122.2,117.0,110.6,114.9,11.7,2.1,97.98,100.6,0.555,0.506
2023-24,1610612738,1610612748,0.78,0.561,122.2,113.3,110.6,111.5,11.7,1.8,97.98,96.88,0.555,0.509
2023-24,1610612738,1610612754,0.78,0.573,122.2,120.5,110.6,117.6,11.7,2.9,97.98,102.16,0.555,0.517
2023-24,1610612739,1610612753,0.585,0.573,114.7,112.9,112.1,110.8,2.5,2.2,97.62,97.37,0.519,0.513
2023-24,1610612760,1610612740,0.695,0.598,118.3,116.5,111.0,111.9,7.3,4.6,100.85,98.7,0.538,0.524
2023-24,1610612742,1610612746,0.61,0.622,117.0,117.9,114.9,114.6,2.1,3.4,100.6,97.93,0.506,0.52
2023-24,1610612742,1610612750,0.61,0.683,117.0,114.6,114.9,108.4,2.1,6.3,100.6,97.79,0.506,0.543
2023-24,1610612742,1610612760,0.61,0.695,117.0,118.3,114.9,111.0,2.1,7.3,100.6,100.85,0.506,0.538
2023-24,1610612743,1610612747,0.695,0.573,117.8,115.4,112.3,114.8,5.5,0.6,97.43,101.38,0.533,0.518
2023-24,1610612750,1610612743,0.683,0.695,114.6,117.8,108.4,112.3,6.3,5.5,97.79,97.43,0.543,0.533
2023-24,1610612754,1610612749,0.573,0.598,120.5,117.6,117.6,115.0,2.9,2.6,102.16,100.51,0.517,0.511
2023-24,1610612750,1610612756,0.683,0.598,114.6,116.8,108.4,113.7,6.3,3.1,97.79,99.0,0.543,0.527
2023-24,1610612754,1610612752,0.573,0.61,120.5,117.3,117.6,112.4,2.9,4.9,102.16,95.96,0.517,0.515
2023-24,1610612752,1610612755,0.61,0.573,117.3,116.2,112.4,113.0,4.9,3.1,95.96,98.17,0.515,0.506
